Policy,NBattery,MeanRMSE,MedianRMSE,MaxRMSE
4_8C_80PER_4_8C_NEWSTRUCTURE,5,0.018332165890420714,0.011560138739639401,0.04582134150676021
80PER_3_6C,2,0.014414088273163456,0.014414088273163456,0.01443518492042122
3_6C-80PER_3_6C,2,0.006931743133188291,0.006931743133188291,0.006978910206605664
3_7C_31PER_5_9C_NEWSTRUCTURE,2,0.005813637780281651,0.005813637780281651,0.00581364952640385
4_8C_80PER_4_8C,2,0.003834246141140528,0.003834246141140528,0.0038359535996737035
5_3C_54PER_4C_NEWSTRUCTURE,7,0.0009539410657421087,0.001002727199450488,0.0015588270832483573
5_6C_36PER_4_3C_NEWSTRUCTURE,7,0.0008712915977921037,0.0010199769664395665,0.001406598071940089
5_6C_19PER_4_6C_NEWSTRUCTURE,7,0.0005575018775214072,0.0005037540611497268,0.0010237271160673707
5C_67PER_4C_NEWSTRUCTURE,6,0.0005310734297923298,0.00048086871554324647,0.0008098123417574921
