version,battery_id,policy,repetitions,finite_draws,finite_fraction,t80_median,t80_q025,t80_q975,beyond_5000_draws,no_finite_intersection_draws,interval_status
q3_full_v2,2,3_6C-80PER_3_6C,2000,2000,1.0,1002.4948106101235,689.593954684169,1431.935763916797,0,0,post_selection_residual_propagation_diagnostic_not_confidence_interval
q3_full_v2,5,80PER_3_6C,2000,2000,1.0,811.3264030136197,603.3647647504642,906.6629186007015,0,0,post_selection_residual_propagation_diagnostic_not_confidence_interval
q3_full_v2,9,4_8C_80PER_4_8C,2000,2000,1.0,699.0113786540211,590.1250323401371,709.3070646240739,0,0,post_selection_residual_propagation_diagnostic_not_confidence_interval
q3_full_v2,10,5C_67PER_4C_NEWSTRUCTURE,2000,2000,1.0,1406.3347933289515,716.086064371966,1974.0169146163664,0,0,post_selection_residual_propagation_diagnostic_not_confidence_interval
q3_full_v2,11,5_3C_54PER_4C_NEWSTRUCTURE,2000,2000,1.0,1918.3516125595345,848.1183451910638,3810.3679423794674,0,0,post_selection_residual_propagation_diagnostic_not_confidence_interval
q3_full_v2,14,5_6C_19PER_4_6C_NEWSTRUCTURE,2000,2000,1.0,1265.270962438101,656.4697887379667,1717.694582194035,0,0,post_selection_residual_propagation_diagnostic_not_confidence_interval
q3_full_v2,16,3_7C_31PER_5_9C_NEWSTRUCTURE,2000,2000,1.0,905.6389145262234,770.5799128664597,915.8052259508704,0,0,post_selection_residual_propagation_diagnostic_not_confidence_interval
q3_full_v2,24,5_6C_36PER_4_3C_NEWSTRUCTURE,2000,2000,1.0,885.4258851678555,646.6548203527054,1086.7548976468288,0,0,post_selection_residual_propagation_diagnostic_not_confidence_interval
q3_full_v2,25,4_8C_80PER_4_8C_NEWSTRUCTURE,2000,2000,1.0,1883.8393760812378,813.7759939422947,3538.360373557935,0,0,post_selection_residual_propagation_diagnostic_not_confidence_interval
