OuterBatteryId,Policy,Family,SelectedCandidate,RMSE,MAE,Bias
1,3_6C-80PER_3_6C,exponential,exponential_w60_s0.001,0.002445211228533701,0.0016284416941006064,0.0009805341417146597
1,3_6C-80PER_3_6C,linear,linear_w40_s1,0.0022713225251090163,0.0015871227811257982,0.0005335440769000166
1,3_6C-80PER_3_6C,power,power_w60_s1.25,0.0024187372923747228,0.00161836020236515,0.0009279203166551686
3,3_6C-80PER_3_6C,exponential,exponential_w60_s0.001,0.00013397219240865097,0.00011423022782522941,5.1832842341481554e-05
3,3_6C-80PER_3_6C,linear,linear_w40_s1,0.00020676986213184677,0.00018239129480278172,0.0001710632001980472
3,3_6C-80PER_3_6C,power,power_w60_s1.25,0.00013104105353343575,0.00010944410508993307,2.6168730338502756e-05
4,80PER_3_6C,exponential,exponential_w60_s0.0025,0.0012630691726533178,0.0011736801056444924,-0.0009129954189727485
4,80PER_3_6C,linear,linear_w40_s1,0.0009390323931549998,0.0007081014595745506,-0.000313442566208908
4,80PER_3_6C,power,power_w60_s1.25,0.0011136297704801474,0.0009972495232709643,-0.0007075205176146149
6,80PER_3_6C,exponential,exponential_w60_s0.001,0.0005786675949640056,0.0004645092972417686,0.00042281972519294
6,80PER_3_6C,linear,linear_w40_s1,0.0006169288091972422,0.0004957112965089605,0.00046153214592290935
6,80PER_3_6C,power,power_w60_s1.25,0.0005402587496249569,0.00043284559949526626,0.00038039729175286306
7,4_8C_80PER_4_8C,exponential,exponential_w60_s0.001,0.0013991222791015355,0.0012626873297289887,0.0012626873297289887
7,4_8C_80PER_4_8C,linear,linear_w40_s1,0.0010741413410089889,0.0009450805172423026,0.0009450805172423026
7,4_8C_80PER_4_8C,power,power_w60_s1.25,0.001315837442133357,0.001187158595933895,0.001187158595933895
8,4_8C_80PER_4_8C,exponential,exponential_w60_s0.001,0.0012582851814836153,0.0011173142642782507,0.0011173142642782507
8,4_8C_80PER_4_8C,linear,linear_w40_s1,0.0008756907320675532,0.0007293188520642357,0.0007293188520642357
8,4_8C_80PER_4_8C,power,power_w60_s1.25,0.0010896841710229528,0.000964488529686598,0.000964488529686598
12,5_6C_19PER_4_6C_NEWSTRUCTURE,exponential,exponential_w60_s0.001,0.0003531008621118046,0.00029819100631324426,0.00020996398263943396
12,5_6C_19PER_4_6C_NEWSTRUCTURE,linear,linear_w40_s1,0.00023407102507251812,0.00019208071231634926,3.1487977763247075e-05
12,5_6C_19PER_4_6C_NEWSTRUCTURE,power,power_w60_s1.25,0.00031860260362807463,0.0002711271530932313,0.00017338404816542586
13,5_6C_36PER_4_3C_NEWSTRUCTURE,exponential,exponential_w60_s0.001,0.00022473838319615055,0.00019633493973739258,5.2447548271776776e-05
13,5_6C_36PER_4_3C_NEWSTRUCTURE,linear,linear_w40_s1,0.00025205822159902634,0.00021241213467949828,-0.00020532887807670709
13,5_6C_36PER_4_3C_NEWSTRUCTURE,power,power_w60_s1.25,0.00020440760916906142,0.00017390217089523042,1.7343522170847336e-05
15,5_6C_36PER_4_3C_NEWSTRUCTURE,exponential,exponential_w60_s0.001,0.00036235320961789205,0.0003065463479064157,0.000236772204014688
15,5_6C_36PER_4_3C_NEWSTRUCTURE,linear,linear_w40_s1,0.0002129637737169015,0.0001719079952999114,-0.00012931185955471713
15,5_6C_36PER_4_3C_NEWSTRUCTURE,power,power_w60_s1.25,0.0003147939161690865,0.00026815200628735217,0.00018776295473608818
17,4_8C_80PER_4_8C_NEWSTRUCTURE,exponential,exponential_w60_s0.001,0.0003588424256991962,0.00021659713595465925,0.0002089579936766617
17,4_8C_80PER_4_8C_NEWSTRUCTURE,linear,linear_w40_s1,0.00031244980020589847,0.00022772414470235037,-0.00010631981848826078
17,4_8C_80PER_4_8C_NEWSTRUCTURE,power,power_w60_s1.25,0.0003488047462468929,0.0002047225320946877,0.00019324591710313756
18,5C_67PER_4C_NEWSTRUCTURE,exponential,exponential_w60_s0.001,0.00024354482463002176,0.00021948497644853183,0.00021948497644853183
18,5C_67PER_4C_NEWSTRUCTURE,linear,linear_w40_s1,0.00011113188507974027,8.756074361839117e-05,4.508023459999899e-05
18,5C_67PER_4C_NEWSTRUCTURE,power,power_w60_s1.25,0.0002054400987412734,0.00017948970401880039,0.00017948970401880039
19,5_3C_54PER_4C_NEWSTRUCTURE,exponential,exponential_w60_s0.001,0.00019841795374999426,0.0001570300683347381,0.00015499492539057026
19,5_3C_54PER_4C_NEWSTRUCTURE,linear,linear_w40_s1,0.00011103524374354828,8.769065919166597e-05,3.13960501951982e-05
19,5_3C_54PER_4C_NEWSTRUCTURE,power,power_w60_s1.25,0.00017918588834219947,0.0001393979043432636,0.0001348168194657018
20,4_8C_80PER_4_8C_NEWSTRUCTURE,exponential,exponential_w60_s0.001,0.0005164817840873681,0.00039143309052681375,0.00039143309052681375
20,4_8C_80PER_4_8C_NEWSTRUCTURE,linear,linear_w40_s1,0.0003741279977422014,0.00021283413973099963,0.0001875662377399112
20,4_8C_80PER_4_8C_NEWSTRUCTURE,power,power_w60_s1.25,0.0004927311753257417,0.000363032818873501,0.00036297458838603804
21,5_6C_19PER_4_6C_NEWSTRUCTURE,exponential,exponential_w60_s0.001,0.00020390667181881584,0.0001580707176921381,0.000150334966473884
21,5_6C_19PER_4_6C_NEWSTRUCTURE,linear,linear_w40_s1,0.00012050350974794068,0.00010433073412781546,-3.773986998778955e-05
21,5_6C_19PER_4_6C_NEWSTRUCTURE,power,power_w60_s1.25,0.00015727439762888652,0.00011614138957791065,9.753217793145418e-05
22,5_6C_36PER_4_3C_NEWSTRUCTURE,exponential,exponential_w60_s0.001,0.0002522442764438441,0.00021173053058561652,0.00021056851511336294
22,5_6C_36PER_4_3C_NEWSTRUCTURE,linear,linear_w40_s1,0.00011047666913993325,9.661798504113861e-05,-1.8715021367814446e-05
22,5_6C_36PER_4_3C_NEWSTRUCTURE,power,power_w60_s1.25,0.0002298094318177506,0.00019040943247185414,0.00018804531023512317
23,5_6C_19PER_4_6C_NEWSTRUCTURE,exponential,exponential_w60_s0.001,0.0003455444681434776,0.00031277396285385174,0.00031277396285385174
23,5_6C_19PER_4_6C_NEWSTRUCTURE,linear,linear_w40_s1,0.00024678416948694694,0.00020768247856199905,0.00020768247856199905
23,5_6C_19PER_4_6C_NEWSTRUCTURE,power,power_w60_s1.25,0.0002930583110141314,0.0002615888386847898,0.0002615888386847898
26,5_3C_54PER_4C_NEWSTRUCTURE,exponential,exponential_w60_s0.001,0.00010697183794824785,9.013177178369913e-05,-1.879107682978942e-05
26,5_3C_54PER_4C_NEWSTRUCTURE,linear,linear_w40_s1,0.00010856113261747262,9.378857666261897e-05,-3.401448792091255e-05
26,5_3C_54PER_4C_NEWSTRUCTURE,power,power_w60_s1.25,0.00012499690130255534,0.0001070546782800652,-5.989950361484864e-05
27,5_6C_19PER_4_6C_NEWSTRUCTURE,exponential,exponential_w60_s0.001,0.0003127214873548228,0.0002761719737463242,0.0002559588220649678
27,5_6C_19PER_4_6C_NEWSTRUCTURE,linear,linear_w40_s1,0.00026564180924642475,0.00023374006130893798,0.00020519598898293578
27,5_6C_19PER_4_6C_NEWSTRUCTURE,power,power_w60_s1.25,0.00027379631832370635,0.00024149337962330096,0.0002175715860353744
28,5_6C_36PER_4_3C_NEWSTRUCTURE,exponential,exponential_w60_s0.001,0.00014183785820617392,0.00010898701247226361,3.072537574528855e-06
28,5_6C_36PER_4_3C_NEWSTRUCTURE,linear,linear_w40_s1,0.00014761686555455936,0.0001172508439603659,-6.568261306090228e-05
28,5_6C_36PER_4_3C_NEWSTRUCTURE,power,power_w60_s1.25,0.0001381584256079918,0.00010940299767562056,-3.9742224046266376e-05
29,5C_67PER_4C_NEWSTRUCTURE,exponential,exponential_w60_s0.001,0.0003257424810126691,0.0002864405419218241,0.0002862841883948541
29,5C_67PER_4C_NEWSTRUCTURE,linear,linear_w40_s1,0.00021292957817308254,0.0001739101673835064,0.00016443132999773623
29,5C_67PER_4C_NEWSTRUCTURE,power,power_w60_s1.25,0.00028914107401216757,0.00025155513751456526,0.0002505872210934812
30,3_7C_31PER_5_9C_NEWSTRUCTURE,exponential,exponential_w60_s0.001,0.0004828559618740571,0.0004372287893857907,-0.0004372287893857907
30,3_7C_31PER_5_9C_NEWSTRUCTURE,linear,linear_w40_s1,0.00022143388062989552,0.00018877188962707737,-0.000146282951823562
30,3_7C_31PER_5_9C_NEWSTRUCTURE,power,power_w60_s1.25,0.0006799560584877505,0.0006242015356109354,-0.0006242015356109354
31,5C_67PER_4C_NEWSTRUCTURE,exponential,exponential_w60_s0.001,0.0002746909148186758,0.00022813525219509412,0.00021953326545848028
31,5C_67PER_4C_NEWSTRUCTURE,linear,linear_w40_s1,0.0002789503203437014,0.00022897225006729416,0.00021946892474971724
31,5C_67PER_4C_NEWSTRUCTURE,power,power_w60_s1.25,0.0002348182399863592,0.00019160418334874364,0.00018131493728222868
32,5_3C_54PER_4C_NEWSTRUCTURE,exponential,exponential_w60_s0.001,0.00014497447104393988,0.00011928512352696874,-2.511519798841011e-05
32,5_3C_54PER_4C_NEWSTRUCTURE,linear,linear_w40_s1,0.0001565678260447811,0.00013305047972995922,-6.256889726991898e-05
32,5_3C_54PER_4C_NEWSTRUCTURE,power,power_w60_s1.25,0.00015585261716882527,0.00013415600496983872,-6.353434354992693e-05
33,5_6C_19PER_4_6C_NEWSTRUCTURE,exponential,exponential_w60_s0.001,0.0002408068304778593,0.00017381768849787925,0.00015618173137535107
33,5_6C_19PER_4_6C_NEWSTRUCTURE,linear,linear_w40_s1,0.00020914075636096975,0.00014743138276482882,0.00010791714593232803
33,5_6C_19PER_4_6C_NEWSTRUCTURE,power,power_w60_s1.25,0.0002089944397998127,0.00014939154452326743,0.0001189276399157868
34,5_6C_36PER_4_3C_NEWSTRUCTURE,exponential,exponential_w60_s0.001,0.0001287702654203127,8.876801083323337e-05,3.786099484351491e-05
34,5_6C_36PER_4_3C_NEWSTRUCTURE,linear,linear_w40_s1,0.00024183410586217345,0.00021759923608371867,-0.0002109635989488945
34,5_6C_36PER_4_3C_NEWSTRUCTURE,power,power_w60_s1.25,0.00011575767648782094,8.935564175965193e-05,-1.2045687491162305e-05
35,3_7C_31PER_5_9C_NEWSTRUCTURE,exponential,exponential_w60_s0.001,0.0006943172052680265,0.0005918061374354778,-0.000569241231215829
35,3_7C_31PER_5_9C_NEWSTRUCTURE,linear,linear_w40_s1,0.00028426381160570857,0.0002095332636504499,-0.0001488825554290174
35,3_7C_31PER_5_9C_NEWSTRUCTURE,power,power_w60_s1.25,0.0009973709519285375,0.0008609027359024335,-0.0008504973230323109
36,5_3C_54PER_4C_NEWSTRUCTURE,exponential,exponential_w60_s0.001,0.00039014102529356275,0.00035732629967782036,0.00035732629967782036
36,5_3C_54PER_4C_NEWSTRUCTURE,linear,linear_w40_s1,0.00013797540892699294,0.00010205265026477894,8.972129258471683e-05
36,5_3C_54PER_4C_NEWSTRUCTURE,power,power_w60_s1.25,0.0003521541404447494,0.00032177028417583963,0.00032177028417583963
37,5C_67PER_4C_NEWSTRUCTURE,exponential,exponential_w60_s0.001,0.00010716228650396679,7.937727269592187e-05,2.376909831173002e-05
37,5C_67PER_4C_NEWSTRUCTURE,linear,linear_w40_s1,0.00010354253675674294,8.082075346202533e-05,1.0957903966017924e-05
37,5C_67PER_4C_NEWSTRUCTURE,power,power_w60_s1.25,0.00010877630697383145,9.47143779215498e-05,-1.7533689070932112e-05
38,5_3C_54PER_4C_NEWSTRUCTURE,exponential,exponential_w60_s0.001,9.777980651634762e-05,8.573718881514036e-05,-6.722621884525104e-06
38,5_3C_54PER_4C_NEWSTRUCTURE,linear,linear_w40_s1,0.0001434400243691609,0.00012349450944797668,-0.00010368168729102623
38,5_3C_54PER_4C_NEWSTRUCTURE,power,power_w60_s1.25,0.00011583874655987295,0.00010203464805534468,-5.440625187513204e-05
39,5_6C_19PER_4_6C_NEWSTRUCTURE,exponential,exponential_w60_s0.001,0.00013012749139713377,0.00010499276276841663,6.648906909168861e-05
39,5_6C_19PER_4_6C_NEWSTRUCTURE,linear,linear_w40_s1,0.00016757430862422007,0.00014841017447916104,-0.00013463035421824366
39,5_6C_19PER_4_6C_NEWSTRUCTURE,power,power_w60_s1.25,0.0001081781259504935,8.575957578595971e-05,2.5127874224297742e-05
40,5_6C_36PER_4_3C_NEWSTRUCTURE,exponential,exponential_w60_s0.001,0.00015823433196653184,0.0001365919621321021,0.00011301793389551396
40,5_6C_36PER_4_3C_NEWSTRUCTURE,linear,linear_w40_s1,0.00017371037292190428,0.00015091162637578926,0.0001269414260067503
40,5_6C_36PER_4_3C_NEWSTRUCTURE,power,power_w60_s1.25,0.00011635626983513218,9.641984652907221e-05,6.318216077276117e-05
41,4_8C_80PER_4_8C_NEWSTRUCTURE,exponential,exponential_w60_s0.001,0.00012077131472063594,9.40543374936298e-05,4.001823330940679e-05
41,4_8C_80PER_4_8C_NEWSTRUCTURE,linear,linear_w40_s1,0.00011126521240114676,9.075634821942069e-05,-2.5107589212125525e-06
41,4_8C_80PER_4_8C_NEWSTRUCTURE,power,power_w60_s1.25,0.0001136772714500452,9.250810569838341e-05,-2.3455803858074553e-06
42,5C_67PER_4C_NEWSTRUCTURE,exponential,exponential_w60_s0.001,0.00010238326126388623,8.479520325362478e-05,3.106074801774161e-05
42,5C_67PER_4C_NEWSTRUCTURE,linear,linear_w40_s1,9.350945459388274e-05,7.890144989148196e-05,-5.244467050207202e-06
42,5C_67PER_4C_NEWSTRUCTURE,power,power_w60_s1.25,9.368795997778887e-05,7.830695626586337e-05,2.816867292190217e-06
43,5_3C_54PER_4C_NEWSTRUCTURE,exponential,exponential_w60_s0.001,0.00010284184952054344,8.75166820603579e-05,-1.1892444976531192e-05
43,5_3C_54PER_4C_NEWSTRUCTURE,linear,linear_w40_s1,0.00010186940064699255,8.581031295219476e-05,-2.060861962675853e-05
43,5_3C_54PER_4C_NEWSTRUCTURE,power,power_w60_s1.25,0.00012679874020048355,0.0001015710643757739,-5.540976424651678e-05
44,5_6C_19PER_4_6C_NEWSTRUCTURE,exponential,exponential_w60_s0.001,0.00033318409168916926,0.00029613241455190176,0.00029613241455190176
44,5_6C_19PER_4_6C_NEWSTRUCTURE,linear,linear_w40_s1,0.00026141213556954787,0.00022070741188507048,0.0002206515037724821
44,5_6C_19PER_4_6C_NEWSTRUCTURE,power,power_w60_s1.25,0.00028408074019351654,0.00025031786097942985,0.00025031786097942985
45,5_6C_36PER_4_3C_NEWSTRUCTURE,exponential,exponential_w60_s0.001,0.0002845845515074114,0.00025155802399448037,0.00024897828576167405
45,5_6C_36PER_4_3C_NEWSTRUCTURE,linear,linear_w40_s1,0.0001402666165843281,0.00011507808348546034,9.66787543638259e-05
45,5_6C_36PER_4_3C_NEWSTRUCTURE,power,power_w60_s1.25,0.00025467200288568876,0.00022382339092591686,0.00022057607278469504
46,4_8C_80PER_4_8C_NEWSTRUCTURE,exponential,exponential_w60_s0.001,0.00023863260785643816,0.00019984503193910764,0.00019984503193910764
46,4_8C_80PER_4_8C_NEWSTRUCTURE,linear,linear_w40_s1,0.00016207744709263229,0.00013864601520362728,-0.00010670180696246146
46,4_8C_80PER_4_8C_NEWSTRUCTURE,power,power_w60_s1.25,0.00021380372423041976,0.0001734682831095613,0.0001734682831095613
47,5C_67PER_4C_NEWSTRUCTURE,exponential,exponential_w60_s0.001,0.00038634442295290707,0.0003160986171092883,0.0003151891630876857
47,5C_67PER_4C_NEWSTRUCTURE,linear,linear_w40_s1,0.000363210292582936,0.00029104014144193613,0.00028846099396389935
47,5C_67PER_4C_NEWSTRUCTURE,power,power_w60_s1.25,0.0003608161861172036,0.00029251300249178103,0.0002910108470145434
48,5_3C_54PER_4C_NEWSTRUCTURE,exponential,exponential_w60_s0.001,0.00020856025104022184,0.0001637172684964039,0.00015707060418487461
48,5_3C_54PER_4C_NEWSTRUCTURE,linear,linear_w40_s1,0.00011871630927923546,0.00010828002475431031,-1.5741938803066624e-05
48,5_3C_54PER_4C_NEWSTRUCTURE,power,power_w60_s1.25,0.00018754832702190912,0.00014291915339962103,0.0001339100745572308
49,4_8C_80PER_4_8C_NEWSTRUCTURE,exponential,exponential_w60_s0.001,0.0005026121956973491,0.0003076279537995474,0.0002936456989669822
49,4_8C_80PER_4_8C_NEWSTRUCTURE,linear,linear_w40_s1,0.0003720468031233785,0.0002407064680517923,-1.723035113014415e-05
49,4_8C_80PER_4_8C_NEWSTRUCTURE,power,power_w60_s1.25,0.0004876234420218954,0.0002923263915606844,0.0002738291478074206
