cohort,response,model,fold,heldout_coordinate,lambda,intercept_standardized,coef_C1,coef_q,coef_C2,coef_E1,coef_E2,coef_J,coef_H,coef_J_high_50,coef_J_high_60,coef_J_high_70
all_complete,relative_loss200,constant_mean,1,3.600|0.800|3.600,,0.007744556347835617,,,,,,,,,,
all_complete,relative_loss200,constant_mean,2,3.700|0.310|5.900,,0.0032192471707007298,,,,,,,,,,
all_complete,relative_loss200,constant_mean,3,4.800|0.800|4.800,,0.007409750662334621,,,,,,,,,,
all_complete,relative_loss200,constant_mean,4,5.000|0.670|4.000,,0.007708504353413721,,,,,,,,,,
all_complete,relative_loss200,constant_mean,5,5.300|0.540|4.000,,0.007737603882713426,,,,,,,,,,
all_complete,relative_loss200,constant_mean,6,5.600|0.190|4.600,,0.007463469841717062,,,,,,,,,,
all_complete,relative_loss200,constant_mean,7,5.600|0.360|4.300,,0.007559960914856362,,,,,,,,,,
all_complete,relative_loss200,nearest_coordinate,1,3.600|0.800|3.600,,0.007744556347835617,,,,,,,,,,
all_complete,relative_loss200,nearest_coordinate,2,3.700|0.310|5.900,,0.0032192471707007298,,,,,,,,,,
all_complete,relative_loss200,nearest_coordinate,3,4.800|0.800|4.800,,0.007409750662334621,,,,,,,,,,
all_complete,relative_loss200,nearest_coordinate,4,5.000|0.670|4.000,,0.007708504353413721,,,,,,,,,,
all_complete,relative_loss200,nearest_coordinate,5,5.300|0.540|4.000,,0.007737603882713426,,,,,,,,,,
all_complete,relative_loss200,nearest_coordinate,6,5.600|0.190|4.600,,0.007463469841717062,,,,,,,,,,
all_complete,relative_loss200,nearest_coordinate,7,5.600|0.360|4.300,,0.007559960914856362,,,,,,,,,,
all_complete,relative_loss200,ridge_raw_C1_q_C2,1,3.600|0.800|3.600,1.0,0.007744556347835641,-0.005872101555007696,-0.0029181844572613966,0.0036400484254970927,,,,,,,
all_complete,relative_loss200,ridge_raw_C1_q_C2,2,3.700|0.310|5.900,0.1,0.0032192471707007293,-0.0004567985084052791,0.00020644176831084073,0.0017571840750941095,,,,,,,
all_complete,relative_loss200,ridge_raw_C1_q_C2,3,4.800|0.800|4.800,0.0,0.00740975066233462,-0.0019846365831569183,0.003243512612812245,0.012573557385109473,,,,,,,
all_complete,relative_loss200,ridge_raw_C1_q_C2,4,5.000|0.670|4.000,1.0,0.007708504353413731,-0.00474746725684657,-0.0028014973975681004,0.006316127212603442,,,,,,,
all_complete,relative_loss200,ridge_raw_C1_q_C2,5,5.300|0.540|4.000,1.0,0.00773760388271343,-0.0047188474073058045,-0.002699395153313512,0.00636706688636268,,,,,,,
all_complete,relative_loss200,ridge_raw_C1_q_C2,6,5.600|0.190|4.600,0.1,0.007463469841717064,-0.0044121232117092304,-0.0036878303062432578,0.00657009468271151,,,,,,,
all_complete,relative_loss200,ridge_raw_C1_q_C2,7,5.600|0.360|4.300,1.0,0.007559960914856354,-0.004462342894291739,-0.0026690422866599848,0.006289469069772628,,,,,,,
all_complete,relative_loss200,ridge_stage_E1_E2,1,3.600|0.800|3.600,100.0,0.007744556347835618,,,,-0.00030812223128209995,0.00032973693245254217,,,,,
all_complete,relative_loss200,ridge_stage_E1_E2,2,3.700|0.310|5.900,100.0,0.00321924717070073,,,,3.719492100230206e-05,-1.9641263342360353e-05,,,,,
all_complete,relative_loss200,ridge_stage_E1_E2,3,4.800|0.800|4.800,100.0,0.007409750662334621,,,,-0.0003677056039921575,0.0003760917104991142,,,,,
all_complete,relative_loss200,ridge_stage_E1_E2,4,5.000|0.670|4.000,100.0,0.007708504353413722,,,,-0.00029542825253833695,0.0003392949100274365,,,,,
all_complete,relative_loss200,ridge_stage_E1_E2,5,5.300|0.540|4.000,100.0,0.007737603882713428,,,,-0.0003083196255417886,0.0003542438343515514,,,,,
all_complete,relative_loss200,ridge_stage_E1_E2,6,5.600|0.190|4.600,100.0,0.007463469841717065,,,,-0.0004492981014381654,0.00048211884763678847,,,,,
all_complete,relative_loss200,ridge_stage_E1_E2,7,5.600|0.360|4.300,100.0,0.007559960914856362,,,,-0.0003505448421594941,0.00039572529126059993,,,,,
all_complete,relative_loss200,ridge_J,1,3.600|0.800|3.600,100.0,0.007744556347835619,,,,,,0.0005945377331071628,,,,
all_complete,relative_loss200,ridge_J,2,3.700|0.310|5.900,100.0,0.0032192471707007293,,,,,,3.903433169007944e-05,,,,
all_complete,relative_loss200,ridge_J,3,4.800|0.800|4.800,100.0,0.00740975066233462,,,,,,0.00023628073309706817,,,,
all_complete,relative_loss200,ridge_J,4,5.000|0.670|4.000,100.0,0.007708504353413721,,,,,,0.00026156233555699724,,,,
all_complete,relative_loss200,ridge_J,5,5.300|0.540|4.000,100.0,0.007737603882713425,,,,,,0.00026851088789062947,,,,
all_complete,relative_loss200,ridge_J,6,5.600|0.190|4.600,100.0,0.007463469841717061,,,,,,0.0002564286106796735,,,,
all_complete,relative_loss200,ridge_J,7,5.600|0.360|4.300,100.0,0.007559960914856362,,,,,,0.00026460086739866384,,,,
all_complete,relative_loss200,ridge_H,1,3.600|0.800|3.600,0.01,0.007744556347835593,,,,,,,0.010331351272885717,,,
all_complete,relative_loss200,ridge_H,2,3.700|0.310|5.900,100.0,0.0032192471707007298,,,,,,,6.123109474656634e-05,,,
all_complete,relative_loss200,ridge_H,3,4.800|0.800|4.800,100.0,0.007409750662334619,,,,,,,0.0005011858085949258,,,
all_complete,relative_loss200,ridge_H,4,5.000|0.670|4.000,10.0,0.007708504353413715,,,,,,,0.003305528889809195,,,
all_complete,relative_loss200,ridge_H,5,5.300|0.540|4.000,100.0,0.007737603882713425,,,,,,,0.0005140537481879552,,,
all_complete,relative_loss200,ridge_H,6,5.600|0.190|4.600,100.0,0.007463469841717061,,,,,,,0.0005204134502019698,,,
all_complete,relative_loss200,ridge_H,7,5.600|0.360|4.300,100.0,0.007559960914856359,,,,,,,0.0005140465159127717,,,
all_complete,relative_loss200,ridge_J_H,1,3.600|0.800|3.600,10.0,0.007744556347835642,,,,,,0.0026402670092066146,0.003406067171263816,,,
all_complete,relative_loss200,ridge_J_H,2,3.700|0.310|5.900,100.0,0.003219247170700729,,,,,,3.5335772309485766e-05,5.901660877633597e-05,,,
all_complete,relative_loss200,ridge_J_H,3,4.800|0.800|4.800,100.0,0.007409750662334614,,,,,,0.00021216707809250997,0.0004907609287299203,,,
all_complete,relative_loss200,ridge_J_H,4,5.000|0.670|4.000,100.0,0.007708504353413712,,,,,,0.00023234601493975335,0.000511916946139094,,,
all_complete,relative_loss200,ridge_J_H,5,5.300|0.540|4.000,100.0,0.007737603882713421,,,,,,0.0002394409807603779,0.0005001364932632752,,,
all_complete,relative_loss200,ridge_J_H,6,5.600|0.190|4.600,100.0,0.0074634698417170575,,,,,,0.0002273569469733228,0.0005073866091612954,,,
all_complete,relative_loss200,ridge_J_H,7,5.600|0.360|4.300,100.0,0.00755996091485636,,,,,,0.0002353288134555251,0.0005002770295790883,,,
all_complete,relative_loss200,ridge_Jhigh50,1,3.600|0.800|3.600,0.1,0.007744556347835595,,,,,,,,0.009843066751031047,,
all_complete,relative_loss200,ridge_Jhigh50,2,3.700|0.310|5.900,10.0,0.00321924717070073,,,,,,,,0.0005241884984634006,,
all_complete,relative_loss200,ridge_Jhigh50,3,4.800|0.800|4.800,10.0,0.007409750662334621,,,,,,,,0.0038888274103687616,,
all_complete,relative_loss200,ridge_Jhigh50,4,5.000|0.670|4.000,1.0,0.007708504353413724,,,,,,,,0.008073970874487796,,
all_complete,relative_loss200,ridge_Jhigh50,5,5.300|0.540|4.000,10.0,0.007737603882713417,,,,,,,,0.0037070072496290405,,
all_complete,relative_loss200,ridge_Jhigh50,6,5.600|0.190|4.600,10.0,0.007463469841717051,,,,,,,,0.003815372607234596,,
all_complete,relative_loss200,ridge_Jhigh50,7,5.600|0.360|4.300,10.0,0.007559960914856349,,,,,,,,0.003749960857439468,,
all_complete,relative_loss200,ridge_Jhigh60,1,3.600|0.800|3.600,0.1,0.007744556347835624,,,,,,,,,0.009694238953048577,
all_complete,relative_loss200,ridge_Jhigh60,2,3.700|0.310|5.900,10.0,0.003219247170700729,,,,,,,,,0.0005948570123018739,
all_complete,relative_loss200,ridge_Jhigh60,3,4.800|0.800|4.800,1.0,0.007409750662334614,,,,,,,,,0.009107507379976244,
all_complete,relative_loss200,ridge_Jhigh60,4,5.000|0.670|4.000,1.0,0.00770850435341372,,,,,,,,,0.008050315007780308,
all_complete,relative_loss200,ridge_Jhigh60,5,5.300|0.540|4.000,10.0,0.007737603882713425,,,,,,,,,0.0037749446865306033,
all_complete,relative_loss200,ridge_Jhigh60,6,5.600|0.190|4.600,1.0,0.007463469841717059,,,,,,,,,0.008252676477909834,
all_complete,relative_loss200,ridge_Jhigh60,7,5.600|0.360|4.300,1.0,0.007559960914856359,,,,,,,,,0.008080637156447157,
all_complete,relative_loss200,ridge_Jhigh70,1,3.600|0.800|3.600,1.0,0.00774455634783562,,,,,,,,,,0.008453971658352601
all_complete,relative_loss200,ridge_Jhigh70,2,3.700|0.310|5.900,1.0,0.0032192471707007315,,,,,,,,,,0.0013577303488879653
all_complete,relative_loss200,ridge_Jhigh70,3,4.800|0.800|4.800,1.0,0.007409750662334619,,,,,,,,,,0.009236757164140718
all_complete,relative_loss200,ridge_Jhigh70,4,5.000|0.670|4.000,1.0,0.007708504353413716,,,,,,,,,,0.00805031500778031
all_complete,relative_loss200,ridge_Jhigh70,5,5.300|0.540|4.000,1.0,0.0077376038827134215,,,,,,,,,,0.008028843489780939
all_complete,relative_loss200,ridge_Jhigh70,6,5.600|0.190|4.600,1.0,0.007463469841717057,,,,,,,,,,0.008321526105328441
all_complete,relative_loss200,ridge_Jhigh70,7,5.600|0.360|4.300,1.0,0.007559960914856356,,,,,,,,,,0.008123902033245112
all_complete,soh200,constant_mean,1,3.600|0.800|3.600,,0.9884514094144514,,,,,,,,,,
all_complete,soh200,constant_mean,2,3.700|0.310|5.900,,0.9926818583098863,,,,,,,,,,
all_complete,soh200,constant_mean,3,4.800|0.800|4.800,,0.9903195442501785,,,,,,,,,,
all_complete,soh200,constant_mean,4,5.000|0.670|4.000,,0.9884918386746832,,,,,,,,,,
all_complete,soh200,constant_mean,5,5.300|0.540|4.000,,0.9884991627756969,,,,,,,,,,
all_complete,soh200,constant_mean,6,5.600|0.190|4.600,,0.9887091615992194,,,,,,,,,,
all_complete,soh200,constant_mean,7,5.600|0.360|4.300,,0.9886015123431211,,,,,,,,,,
all_complete,soh200,nearest_coordinate,1,3.600|0.800|3.600,,0.9884514094144514,,,,,,,,,,
all_complete,soh200,nearest_coordinate,2,3.700|0.310|5.900,,0.9926818583098863,,,,,,,,,,
all_complete,soh200,nearest_coordinate,3,4.800|0.800|4.800,,0.9903195442501785,,,,,,,,,,
all_complete,soh200,nearest_coordinate,4,5.000|0.670|4.000,,0.9884918386746832,,,,,,,,,,
all_complete,soh200,nearest_coordinate,5,5.300|0.540|4.000,,0.9884991627756969,,,,,,,,,,
all_complete,soh200,nearest_coordinate,6,5.600|0.190|4.600,,0.9887091615992194,,,,,,,,,,
all_complete,soh200,nearest_coordinate,7,5.600|0.360|4.300,,0.9886015123431211,,,,,,,,,,
all_complete,soh200,ridge_raw_C1_q_C2,1,3.600|0.800|3.600,1.0,0.9884514094144515,0.004674032739593044,0.0006805611730386074,-0.0047472518170704765,,,,,,,
all_complete,soh200,ridge_raw_C1_q_C2,2,3.700|0.310|5.900,0.1,0.9926818583098862,0.0005521498279408145,-0.001721216689820262,-0.003622314580673966,,,,,,,
all_complete,soh200,ridge_raw_C1_q_C2,3,4.800|0.800|4.800,0.0,0.9903195442501782,0.001768382008678572,-0.0031809328066179318,-0.011851015685833669,,,,,,,
all_complete,soh200,ridge_raw_C1_q_C2,4,5.000|0.670|4.000,1.0,0.9884918386746833,0.0034473597979708583,0.0004384196665209618,-0.007190504551805846,,,,,,,
all_complete,soh200,ridge_raw_C1_q_C2,5,5.300|0.540|4.000,0.1,0.988499162775697,0.0036335458014628884,0.00010967658919001213,-0.008325806632571492,,,,,,,
all_complete,soh200,ridge_raw_C1_q_C2,6,5.600|0.190|4.600,0.01,0.9887091615992193,0.002990397899367842,0.0008954412122179807,-0.008314508451505605,,,,,,,
all_complete,soh200,ridge_raw_C1_q_C2,7,5.600|0.360|4.300,0.1,0.9886015123431212,0.003351441230458004,0.00010758041418415863,-0.008394605082445394,,,,,,,
all_complete,soh200,ridge_stage_E1_E2,1,3.600|0.800|3.600,100.0,0.9884514094144516,,,,0.0001774262290421171,-0.00019716429165761616,,,,,
all_complete,soh200,ridge_stage_E1_E2,2,3.700|0.310|5.900,100.0,0.9926818583098863,,,,-0.00014147814617707086,0.00010345228004893753,,,,,
all_complete,soh200,ridge_stage_E1_E2,3,4.800|0.800|4.800,100.0,0.9903195442501784,,,,0.0003405361789958193,-0.0003492620998369621,,,,,
all_complete,soh200,ridge_stage_E1_E2,4,5.000|0.670|4.000,100.0,0.9884918386746834,,,,0.00015445356950920903,-0.0002193110572190515,,,,,
all_complete,soh200,ridge_stage_E1_E2,5,5.300|0.540|4.000,100.0,0.988499162775697,,,,0.00017697693363663423,-0.00024101268497059286,,,,,
all_complete,soh200,ridge_stage_E1_E2,6,5.600|0.190|4.600,100.0,0.9887091615992193,,,,0.0003124659930897098,-0.0003670907694335059,,,,,
all_complete,soh200,ridge_stage_E1_E2,7,5.600|0.360|4.300,100.0,0.9886015123431212,,,,0.00022523196636171496,-0.0002875032247608003,,,,,
all_complete,soh200,ridge_J,1,3.600|0.800|3.600,100.0,0.9884514094144516,,,,,,-0.00046632773634731634,,,,
all_complete,soh200,ridge_J,2,3.700|0.310|5.900,100.0,0.9926818583098863,,,,,,-6.93582524332387e-05,,,,
all_complete,soh200,ridge_J,3,4.800|0.800|4.800,100.0,0.9903195442501785,,,,,,-0.0002213980044514913,,,,
all_complete,soh200,ridge_J,4,5.000|0.670|4.000,100.0,0.9884918386746833,,,,,,-0.0002691007798612102,,,,
all_complete,soh200,ridge_J,5,5.300|0.540|4.000,100.0,0.988499162775697,,,,,,-0.00027602173504072836,,,,
all_complete,soh200,ridge_J,6,5.600|0.190|4.600,100.0,0.9887091615992195,,,,,,-0.0002645476412180887,,,,
all_complete,soh200,ridge_J,7,5.600|0.360|4.300,100.0,0.9886015123431212,,,,,,-0.00027443202857965873,,,,
all_complete,soh200,ridge_H,1,3.600|0.800|3.600,1.0,0.9884514094144516,,,,,,,-0.00840320893945156,,,
all_complete,soh200,ridge_H,2,3.700|0.310|5.900,100.0,0.9926818583098863,,,,,,,-0.00012821749757866552,,,
all_complete,soh200,ridge_H,3,4.800|0.800|4.800,100.0,0.9903195442501785,,,,,,,-0.0004686017060858824,,,
all_complete,soh200,ridge_H,4,5.000|0.670|4.000,10.0,0.9884918386746833,,,,,,,-0.0032642367976155264,,,
all_complete,soh200,ridge_H,5,5.300|0.540|4.000,10.0,0.988499162775697,,,,,,,-0.0031826914252512913,,,
all_complete,soh200,ridge_H,6,5.600|0.190|4.600,10.0,0.9887091615992197,,,,,,,-0.003228539294902768,,,
all_complete,soh200,ridge_H,7,5.600|0.360|4.300,10.0,0.9886015123431214,,,,,,,-0.00317341112418357,,,
all_complete,soh200,ridge_J_H,1,3.600|0.800|3.600,0.1,0.9884514094144514,,,,,,0.0007648489985272559,-0.01006081810603752,,,
all_complete,soh200,ridge_J_H,2,3.700|0.310|5.900,0.1,0.9926818583098863,,,,,,0.0072199538823381655,-0.008751252727606207,,,
all_complete,soh200,ridge_J_H,3,4.800|0.800|4.800,100.0,0.9903195442501783,,,,,,-0.0001988532338405998,-0.0004588310051260825,,,
all_complete,soh200,ridge_J_H,4,5.000|0.670|4.000,0.0,0.9884918386746833,,,,,,0.011728998127254251,-0.018159718211934187,,,
all_complete,soh200,ridge_J_H,5,5.300|0.540|4.000,0.0,0.9884991627756972,,,,,,0.012572465782692147,-0.01889960247591357,,,
all_complete,soh200,ridge_J_H,6,5.600|0.190|4.600,0.0,0.9887091615992193,,,,,,0.012120663392587676,-0.01845630082325033,,,
all_complete,soh200,ridge_J_H,7,5.600|0.360|4.300,0.0,0.9886015123431213,,,,,,0.013486209938652632,-0.01976882680881402,,,
all_complete,soh200,ridge_Jhigh50,1,3.600|0.800|3.600,0.01,0.9884514094144515,,,,,,,,-0.00948888162276337,,
all_complete,soh200,ridge_Jhigh50,2,3.700|0.310|5.900,10.0,0.9926818583098864,,,,,,,,-0.0011241708629496463,,
all_complete,soh200,ridge_Jhigh50,3,4.800|0.800|4.800,10.0,0.9903195442501784,,,,,,,,-0.0036294798075697785,,
all_complete,soh200,ridge_Jhigh50,4,5.000|0.670|4.000,1.0,0.9884918386746833,,,,,,,,-0.007955166694101248,,
all_complete,soh200,ridge_Jhigh50,5,5.300|0.540|4.000,1.0,0.988499162775697,,,,,,,,-0.007690505255470334,,
all_complete,soh200,ridge_Jhigh50,6,5.600|0.190|4.600,1.0,0.9887091615992195,,,,,,,,-0.007996393371814037,,
all_complete,soh200,ridge_Jhigh50,7,5.600|0.360|4.300,1.0,0.9886015123431212,,,,,,,,-0.00777182978980375,,
all_complete,soh200,ridge_Jhigh60,1,3.600|0.800|3.600,0.01,0.9884514094144515,,,,,,,,,-0.009475452116562068,
all_complete,soh200,ridge_Jhigh60,2,3.700|0.310|5.900,10.0,0.9926818583098864,,,,,,,,,-0.0012522842843626196,
all_complete,soh200,ridge_Jhigh60,3,4.800|0.800|4.800,1.0,0.9903195442501784,,,,,,,,,-0.008490652471685824,
all_complete,soh200,ridge_Jhigh60,4,5.000|0.670|4.000,0.1,0.9884918386746833,,,,,,,,,-0.008972420917265692,
all_complete,soh200,ridge_Jhigh60,5,5.300|0.540|4.000,1.0,0.988499162775697,,,,,,,,,-0.007883629291719908,
all_complete,soh200,ridge_Jhigh60,6,5.600|0.190|4.600,0.1,0.9887091615992196,,,,,,,,,-0.009262460785595858,
all_complete,soh200,ridge_Jhigh60,7,5.600|0.360|4.300,1.0,0.9886015123431212,,,,,,,,,-0.007968416208494639,
all_complete,soh200,ridge_Jhigh70,1,3.600|0.800|3.600,0.01,0.9884514094144515,,,,,,,,,,-0.009421944407992907
all_complete,soh200,ridge_Jhigh70,2,3.700|0.310|5.900,10.0,0.9926818583098864,,,,,,,,,,-0.0013381906002266938
all_complete,soh200,ridge_Jhigh70,3,4.800|0.800|4.800,1.0,0.9903195442501784,,,,,,,,,,-0.00861055703845068
all_complete,soh200,ridge_Jhigh70,4,5.000|0.670|4.000,0.1,0.9884918386746833,,,,,,,,,,-0.008972420917265703
all_complete,soh200,ridge_Jhigh70,5,5.300|0.540|4.000,0.1,0.988499162775697,,,,,,,,,,-0.008978510152462564
all_complete,soh200,ridge_Jhigh70,6,5.600|0.190|4.600,0.1,0.9887091615992195,,,,,,,,,,-0.009422791372973102
all_complete,soh200,ridge_Jhigh70,7,5.600|0.360|4.300,0.1,0.9886015123431213,,,,,,,,,,-0.00911488841399277
equal_T0_nonbaseline,relative_loss200,constant_mean,1,3.700|0.310|5.900,,0.00349966239516279,,,,,,,,,,
equal_T0_nonbaseline,relative_loss200,constant_mean,2,4.800|0.800|4.800,,0.008584349630015871,,,,,,,,,,
equal_T0_nonbaseline,relative_loss200,constant_mean,3,5.000|0.670|4.000,,0.008737129108327945,,,,,,,,,,
equal_T0_nonbaseline,relative_loss200,constant_mean,4,5.300|0.540|4.000,,0.008771078559177602,,,,,,,,,,
equal_T0_nonbaseline,relative_loss200,constant_mean,5,5.600|0.190|4.600,,0.00845125551134851,,,,,,,,,,
equal_T0_nonbaseline,relative_loss200,constant_mean,6,5.600|0.360|4.300,,0.008563828430011028,,,,,,,,,,
equal_T0_nonbaseline,relative_loss200,nearest_coordinate,1,3.700|0.310|5.900,,0.00349966239516279,,,,,,,,,,
equal_T0_nonbaseline,relative_loss200,nearest_coordinate,2,4.800|0.800|4.800,,0.008584349630015871,,,,,,,,,,
equal_T0_nonbaseline,relative_loss200,nearest_coordinate,3,5.000|0.670|4.000,,0.008737129108327945,,,,,,,,,,
equal_T0_nonbaseline,relative_loss200,nearest_coordinate,4,5.300|0.540|4.000,,0.008771078559177602,,,,,,,,,,
equal_T0_nonbaseline,relative_loss200,nearest_coordinate,5,5.600|0.190|4.600,,0.00845125551134851,,,,,,,,,,
equal_T0_nonbaseline,relative_loss200,nearest_coordinate,6,5.600|0.360|4.300,,0.008563828430011028,,,,,,,,,,
equal_T0_nonbaseline,relative_loss200,ridge_raw_C1_q_C2,1,3.700|0.310|5.900,0.01,0.0034996623951627885,0.0004184819338642734,0.0008071011989570481,0.0015539916800392688,,,,,,,
equal_T0_nonbaseline,relative_loss200,ridge_raw_C1_q_C2,2,4.800|0.800|4.800,0.01,0.00858434963001588,-0.0039399524865372515,0.001003085910979328,0.009237998826776197,,,,,,,
equal_T0_nonbaseline,relative_loss200,ridge_raw_C1_q_C2,3,5.000|0.670|4.000,1.0,0.008737129108327961,-0.005919720615355762,-0.002912995795271348,0.00392046727686214,,,,,,,
equal_T0_nonbaseline,relative_loss200,ridge_raw_C1_q_C2,4,5.300|0.540|4.000,1.0,0.008771078559177605,-0.00578823508142735,-0.0029442136821110788,0.004084493084302425,,,,,,,
equal_T0_nonbaseline,relative_loss200,ridge_raw_C1_q_C2,5,5.600|0.190|4.600,0.01,0.008451255511348513,-0.006623266138547611,-0.0038825860672373883,0.0032714267240149864,,,,,,,
equal_T0_nonbaseline,relative_loss200,ridge_raw_C1_q_C2,6,5.600|0.360|4.300,0.1,0.00856382843001103,-0.008133158325969107,-0.003786490405671579,0.0022571633555779442,,,,,,,
equal_T0_nonbaseline,relative_loss200,ridge_stage_E1_E2,1,3.700|0.310|5.900,100.0,0.0034996623951627894,,,,3.465652561256591e-05,-3.618463458900106e-05,,,,,
equal_T0_nonbaseline,relative_loss200,ridge_stage_E1_E2,2,4.800|0.800|4.800,100.0,0.008584349630015873,,,,-0.0003143463330435235,0.00034200334209475726,,,,,
equal_T0_nonbaseline,relative_loss200,ridge_stage_E1_E2,3,5.000|0.670|4.000,100.0,0.008737129108327945,,,,-0.0002614777309066061,0.00028245000560108373,,,,,
equal_T0_nonbaseline,relative_loss200,ridge_stage_E1_E2,4,5.300|0.540|4.000,100.0,0.008771078559177602,,,,-0.00027718523087826887,0.0002981110724256165,,,,,
equal_T0_nonbaseline,relative_loss200,ridge_stage_E1_E2,5,5.600|0.190|4.600,100.0,0.008451255511348508,,,,-0.0004211810151807483,0.00042958143453529854,,,,,
equal_T0_nonbaseline,relative_loss200,ridge_stage_E1_E2,6,5.600|0.360|4.300,100.0,0.008563828430011024,,,,-0.0003225014112683875,0.000342196046202544,,,,,
equal_T0_nonbaseline,relative_loss200,ridge_J,1,3.700|0.310|5.900,1.0,0.0034996623951627573,,,,,,-0.001156374556398832,,,,
equal_T0_nonbaseline,relative_loss200,ridge_J,2,4.800|0.800|4.800,1.0,0.00858434963001587,,,,,,0.009896255803222264,,,,
equal_T0_nonbaseline,relative_loss200,ridge_J,3,5.000|0.670|4.000,100.0,0.008737129108327949,,,,,,0.0005385268460526805,,,,
equal_T0_nonbaseline,relative_loss200,ridge_J,4,5.300|0.540|4.000,100.0,0.008771078559177607,,,,,,0.0005626598548880494,,,,
equal_T0_nonbaseline,relative_loss200,ridge_J,5,5.600|0.190|4.600,100.0,0.008451255511348513,,,,,,0.0005456551941147211,,,,
equal_T0_nonbaseline,relative_loss200,ridge_J,6,5.600|0.360|4.300,100.0,0.008563828430011031,,,,,,0.0005674640192386151,,,,
equal_T0_nonbaseline,relative_loss200,ridge_H,1,3.700|0.310|5.900,10.0,0.003499662395162792,,,,,,,0.0004912784181776747,,,
equal_T0_nonbaseline,relative_loss200,ridge_H,2,4.800|0.800|4.800,1.0,0.00858434963001587,,,,,,,0.010173576480997397,,,
equal_T0_nonbaseline,relative_loss200,ridge_H,3,5.000|0.670|4.000,0.01,0.008737129108327954,,,,,,,0.01089619688483918,,,
equal_T0_nonbaseline,relative_loss200,ridge_H,4,5.300|0.540|4.000,0.01,0.008771078559177593,,,,,,,0.010830184652566407,,,
equal_T0_nonbaseline,relative_loss200,ridge_H,5,5.600|0.190|4.600,0.01,0.008451255511348503,,,,,,,0.011004672820687943,,,
equal_T0_nonbaseline,relative_loss200,ridge_H,6,5.600|0.360|4.300,0.01,0.008563828430011003,,,,,,,0.011038700025975276,,,
equal_T0_nonbaseline,relative_loss200,ridge_J_H,1,3.700|0.310|5.900,10.0,0.00349966239516278,,,,,,-0.0003756992218252548,0.0003524899444358934,,,
equal_T0_nonbaseline,relative_loss200,ridge_J_H,2,4.800|0.800|4.800,10.0,0.008584349630015873,,,,,,0.0029846901527589217,0.0031453631911418315,,,
equal_T0_nonbaseline,relative_loss200,ridge_J_H,3,5.000|0.670|4.000,0.0,0.008737129108327912,,,,,,0.0025417575390563954,0.008929802092737487,,,
equal_T0_nonbaseline,relative_loss200,ridge_J_H,4,5.300|0.540|4.000,1.0,0.008771078559177631,,,,,,0.003849025908643784,0.0065559936856000416,,,
equal_T0_nonbaseline,relative_loss200,ridge_J_H,5,5.600|0.190|4.600,1.0,0.00845125551134853,,,,,,0.0035269407721181855,0.007093655632255181,,,
equal_T0_nonbaseline,relative_loss200,ridge_J_H,6,5.600|0.360|4.300,10.0,0.008563828430011059,,,,,,0.002705388581594381,0.0032759273981588146,,,
equal_T0_nonbaseline,relative_loss200,ridge_Jhigh50,1,3.700|0.310|5.900,1.0,0.0034996623951627907,,,,,,,,0.001174800433820626,,
equal_T0_nonbaseline,relative_loss200,ridge_Jhigh50,2,4.800|0.800|4.800,0.1,0.008584349630015862,,,,,,,,0.011740646809858703,,
equal_T0_nonbaseline,relative_loss200,ridge_Jhigh50,3,5.000|0.670|4.000,0.1,0.008737129108327952,,,,,,,,0.010357995180739174,,
equal_T0_nonbaseline,relative_loss200,ridge_Jhigh50,4,5.300|0.540|4.000,0.1,0.008771078559177603,,,,,,,,0.010496206805008415,,
equal_T0_nonbaseline,relative_loss200,ridge_Jhigh50,5,5.600|0.190|4.600,0.1,0.008451255511348505,,,,,,,,0.010471784363656722,,
equal_T0_nonbaseline,relative_loss200,ridge_Jhigh50,6,5.600|0.360|4.300,0.1,0.008563828430011014,,,,,,,,0.010505822534612986,,
equal_T0_nonbaseline,relative_loss200,ridge_Jhigh60,1,3.700|0.310|5.900,1.0,0.0034996623951627876,,,,,,,,,0.001305899871981815,
equal_T0_nonbaseline,relative_loss200,ridge_Jhigh60,2,4.800|0.800|4.800,0.1,0.008584349630015862,,,,,,,,,0.01172384434083686,
equal_T0_nonbaseline,relative_loss200,ridge_Jhigh60,3,5.000|0.670|4.000,1.0,0.008737129108327952,,,,,,,,,0.00882116570367454,
equal_T0_nonbaseline,relative_loss200,ridge_Jhigh60,4,5.300|0.540|4.000,0.1,0.008771078559177607,,,,,,,,,0.010481325688179098,
equal_T0_nonbaseline,relative_loss200,ridge_Jhigh60,5,5.600|0.190|4.600,0.1,0.008451255511348515,,,,,,,,,0.010358824016532013,
equal_T0_nonbaseline,relative_loss200,ridge_Jhigh60,6,5.600|0.360|4.300,1.0,0.008563828430011031,,,,,,,,,0.008935725847942937,
equal_T0_nonbaseline,relative_loss200,ridge_Jhigh70,1,3.700|0.310|5.900,0.1,0.00349966239516279,,,,,,,,,,0.0015653831329250384
equal_T0_nonbaseline,relative_loss200,ridge_Jhigh70,2,4.800|0.800|4.800,0.1,0.00858434963001587,,,,,,,,,,0.011671132794283378
equal_T0_nonbaseline,relative_loss200,ridge_Jhigh70,3,5.000|0.670|4.000,1.0,0.008737129108327942,,,,,,,,,,0.008821165703674541
equal_T0_nonbaseline,relative_loss200,ridge_Jhigh70,4,5.300|0.540|4.000,1.0,0.008771078559177596,,,,,,,,,,0.008785209070969677
equal_T0_nonbaseline,relative_loss200,ridge_Jhigh70,5,5.600|0.190|4.600,0.1,0.008451255511348498,,,,,,,,,,0.010231249265657152
equal_T0_nonbaseline,relative_loss200,ridge_Jhigh70,6,5.600|0.360|4.300,1.0,0.008563828430011022,,,,,,,,,,0.008750773621427826
equal_T0_nonbaseline,soh200,constant_mean,1,3.700|0.310|5.900,,0.9921565382528253,,,,,,,,,,
equal_T0_nonbaseline,soh200,constant_mean,2,4.800|0.800|4.800,,0.9892166973697636,,,,,,,,,,
equal_T0_nonbaseline,soh200,constant_mean,3,5.000|0.670|4.000,,0.9872681820117549,,,,,,,,,,
equal_T0_nonbaseline,soh200,constant_mean,4,5.300|0.540|4.000,,0.9872767267962711,,,,,,,,,,
equal_T0_nonbaseline,soh200,constant_mean,5,5.600|0.190|4.600,,0.9875217254237137,,,,,,,,,,
equal_T0_nonbaseline,soh200,constant_mean,6,5.600|0.360|4.300,,0.9873961346249325,,,,,,,,,,
equal_T0_nonbaseline,soh200,nearest_coordinate,1,3.700|0.310|5.900,,0.9921565382528253,,,,,,,,,,
equal_T0_nonbaseline,soh200,nearest_coordinate,2,4.800|0.800|4.800,,0.9892166973697636,,,,,,,,,,
equal_T0_nonbaseline,soh200,nearest_coordinate,3,5.000|0.670|4.000,,0.9872681820117549,,,,,,,,,,
equal_T0_nonbaseline,soh200,nearest_coordinate,4,5.300|0.540|4.000,,0.9872767267962711,,,,,,,,,,
equal_T0_nonbaseline,soh200,nearest_coordinate,5,5.600|0.190|4.600,,0.9875217254237137,,,,,,,,,,
equal_T0_nonbaseline,soh200,nearest_coordinate,6,5.600|0.360|4.300,,0.9873961346249325,,,,,,,,,,
equal_T0_nonbaseline,soh200,ridge_raw_C1_q_C2,1,3.700|0.310|5.900,0.01,0.9921565382528251,-0.001165541722919543,-0.003082813743685355,-0.0031941838719417638,,,,,,,
equal_T0_nonbaseline,soh200,ridge_raw_C1_q_C2,2,4.800|0.800|4.800,0.01,0.9892166973697636,0.004439220050295522,-0.000491198316110684,-0.007717964523676809,,,,,,,
equal_T0_nonbaseline,soh200,ridge_raw_C1_q_C2,3,5.000|0.670|4.000,1.0,0.9872681820117549,0.005164691355211846,0.0005940320931672997,-0.004329143251801429,,,,,,,
equal_T0_nonbaseline,soh200,ridge_raw_C1_q_C2,4,5.300|0.540|4.000,1.0,0.9872767267962711,0.004647520910489404,0.0006254781750278649,-0.0049728691905389505,,,,,,,
equal_T0_nonbaseline,soh200,ridge_raw_C1_q_C2,5,5.600|0.190|4.600,1.0,0.9875217254237137,0.004265364340400437,0.0010956325644282654,-0.005120606907370649,,,,,,,
equal_T0_nonbaseline,soh200,ridge_raw_C1_q_C2,6,5.600|0.360|4.300,1.0,0.9873961346249325,0.004865326929885087,0.0006878625268264054,-0.004777931933677264,,,,,,,
equal_T0_nonbaseline,soh200,ridge_stage_E1_E2,1,3.700|0.310|5.900,100.0,0.9921565382528251,,,,-0.0001320532021837549,0.00013516912234194116,,,,,
equal_T0_nonbaseline,soh200,ridge_stage_E1_E2,2,4.800|0.800|4.800,100.0,0.9892166973697637,,,,0.0002905569442918978,-0.00031649571273663455,,,,,
equal_T0_nonbaseline,soh200,ridge_stage_E1_E2,3,5.000|0.670|4.000,100.0,0.9872681820117549,,,,0.0001251492947072631,-0.0001444438752807283,,,,,
equal_T0_nonbaseline,soh200,ridge_stage_E1_E2,4,5.300|0.540|4.000,100.0,0.9872767267962711,,,,0.00015122272107138878,-0.00017063637538272173,,,,,
equal_T0_nonbaseline,soh200,ridge_stage_E1_E2,5,5.600|0.190|4.600,100.0,0.9875217254237139,,,,0.00029347774525862813,-0.00030193939492763095,,,,,
equal_T0_nonbaseline,soh200,ridge_stage_E1_E2,6,5.600|0.360|4.300,100.0,0.9873961346249326,,,,0.00020371711755821754,-0.00022160274922983125,,,,,
equal_T0_nonbaseline,soh200,ridge_J,1,3.700|0.310|5.900,10.0,0.9921565382528252,,,,,,0.001277023951197279,,,,
equal_T0_nonbaseline,soh200,ridge_J,2,4.800|0.800|4.800,1.0,0.9892166973697636,,,,,,-0.009241889743550093,,,,
equal_T0_nonbaseline,soh200,ridge_J,3,5.000|0.670|4.000,100.0,0.987268182011755,,,,,,-0.00041230409293137804,,,,
equal_T0_nonbaseline,soh200,ridge_J,4,5.300|0.540|4.000,100.0,0.9872767267962711,,,,,,-0.0004436752062615761,,,,
equal_T0_nonbaseline,soh200,ridge_J,5,5.600|0.190|4.600,100.0,0.987521725423714,,,,,,-0.00041862627766049286,,,,
equal_T0_nonbaseline,soh200,ridge_J,6,5.600|0.360|4.300,100.0,0.9873961346249326,,,,,,-0.00045012720679594564,,,,
equal_T0_nonbaseline,soh200,ridge_H,1,3.700|0.310|5.900,10.0,0.9921565382528251,,,,,,,-0.0013020446291458535,,,
equal_T0_nonbaseline,soh200,ridge_H,2,4.800|0.800|4.800,1.0,0.9892166973697636,,,,,,,-0.009499830453056966,,,
equal_T0_nonbaseline,soh200,ridge_H,3,5.000|0.670|4.000,1.0,0.9872681820117549,,,,,,,-0.00859954476484439,,,
equal_T0_nonbaseline,soh200,ridge_H,4,5.300|0.540|4.000,1.0,0.9872767267962711,,,,,,,-0.00848489950144024,,,
equal_T0_nonbaseline,soh200,ridge_H,5,5.600|0.190|4.600,1.0,0.987521725423714,,,,,,,-0.008645061814415992,,,
equal_T0_nonbaseline,soh200,ridge_H,6,5.600|0.360|4.300,1.0,0.9873961346249327,,,,,,,-0.00857452625323299,,,
equal_T0_nonbaseline,soh200,ridge_J_H,1,3.700|0.310|5.900,10.0,0.9921565382528252,,,,,,0.0009218296151319802,-0.0009615080565318051,,,
equal_T0_nonbaseline,soh200,ridge_J_H,2,4.800|0.800|4.800,10.0,0.9892166973697636,,,,,,-0.0027874775444586782,-0.0029369222878207622,,,
equal_T0_nonbaseline,soh200,ridge_J_H,3,5.000|0.670|4.000,1.0,0.9872681820117548,,,,,,-0.0008844098974670487,-0.00800766178732341,,,
equal_T0_nonbaseline,soh200,ridge_J_H,4,5.300|0.540|4.000,0.1,0.9872767267962708,,,,,,0.0007585237633773501,-0.010356970483122513,,,
equal_T0_nonbaseline,soh200,ridge_J_H,5,5.600|0.190|4.600,1.0,0.9875217254237135,,,,,,-0.0010240444551305678,-0.007961393368344663,,,
equal_T0_nonbaseline,soh200,ridge_J_H,6,5.600|0.360|4.300,0.01,0.9873961346249325,,,,,,0.0023129331535656486,-0.011968221759590907,,,
equal_T0_nonbaseline,soh200,ridge_Jhigh50,1,3.700|0.310|5.900,10.0,0.9921565382528251,,,,,,,,-0.0012163167129587984,,
equal_T0_nonbaseline,soh200,ridge_Jhigh50,2,4.800|0.800|4.800,0.1,0.9892166973697637,,,,,,,,-0.01094607330125622,,
equal_T0_nonbaseline,soh200,ridge_Jhigh50,3,5.000|0.670|4.000,0.01,0.9872681820117549,,,,,,,,-0.009923251028336393,,
equal_T0_nonbaseline,soh200,ridge_Jhigh50,4,5.300|0.540|4.000,0.01,0.9872767267962712,,,,,,,,-0.00988578466969965,,
equal_T0_nonbaseline,soh200,ridge_Jhigh50,5,5.600|0.190|4.600,0.01,0.987521725423714,,,,,,,,-0.01004474581428361,,
equal_T0_nonbaseline,soh200,ridge_Jhigh50,6,5.600|0.360|4.300,0.01,0.9873961346249326,,,,,,,,-0.00988711474995262,,
equal_T0_nonbaseline,soh200,ridge_Jhigh60,1,3.700|0.310|5.900,10.0,0.9921565382528251,,,,,,,,,-0.0012767401929997143,
equal_T0_nonbaseline,soh200,ridge_Jhigh60,2,4.800|0.800|4.800,0.1,0.9892166973697636,,,,,,,,,-0.010917898310347089,
equal_T0_nonbaseline,soh200,ridge_Jhigh60,3,5.000|0.670|4.000,0.01,0.9872681820117549,,,,,,,,,-0.00976974733990345,
equal_T0_nonbaseline,soh200,ridge_Jhigh60,4,5.300|0.540|4.000,0.01,0.987276726796271,,,,,,,,,-0.009993277023821563,
equal_T0_nonbaseline,soh200,ridge_Jhigh60,5,5.600|0.190|4.600,0.01,0.9875217254237139,,,,,,,,,-0.010109230098795108,
equal_T0_nonbaseline,soh200,ridge_Jhigh60,6,5.600|0.360|4.300,0.01,0.9873961346249326,,,,,,,,,-0.009845262804429092,
equal_T0_nonbaseline,soh200,ridge_Jhigh70,1,3.700|0.310|5.900,1.0,0.9921565382528252,,,,,,,,,,-0.0029851436685039466
equal_T0_nonbaseline,soh200,ridge_Jhigh70,2,4.800|0.800|4.800,0.1,0.9892166973697636,,,,,,,,,,-0.01086939160109078
equal_T0_nonbaseline,soh200,ridge_Jhigh70,3,5.000|0.670|4.000,0.01,0.9872681820117549,,,,,,,,,,-0.00976974733990339
equal_T0_nonbaseline,soh200,ridge_Jhigh70,4,5.300|0.540|4.000,0.01,0.987276726796271,,,,,,,,,,-0.009780288076071047
equal_T0_nonbaseline,soh200,ridge_Jhigh70,5,5.600|0.190|4.600,0.01,0.9875217254237139,,,,,,,,,,-0.010129085719419572
equal_T0_nonbaseline,soh200,ridge_Jhigh70,6,5.600|0.360|4.300,0.01,0.9873961346249326,,,,,,,,,,-0.009800662871015107
explicit_new_structure,relative_loss200,constant_mean,1,3.700|0.310|5.900,,0.0021983878991225477,,,,,,,,,,
explicit_new_structure,relative_loss200,constant_mean,2,4.800|0.800|4.800,,0.008584349630015871,,,,,,,,,,
explicit_new_structure,relative_loss200,constant_mean,3,5.000|0.670|4.000,,0.008483347954920735,,,,,,,,,,
explicit_new_structure,relative_loss200,constant_mean,4,5.300|0.540|4.000,,0.008524087295940322,,,,,,,,,,
explicit_new_structure,relative_loss200,constant_mean,5,5.600|0.190|4.600,,0.008140299638545411,,,,,,,,,,
explicit_new_structure,relative_loss200,constant_mean,6,5.600|0.360|4.300,,0.008275387140940432,,,,,,,,,,
explicit_new_structure,relative_loss200,nearest_coordinate,1,3.700|0.310|5.900,,0.0021983878991225477,,,,,,,,,,
explicit_new_structure,relative_loss200,nearest_coordinate,2,4.800|0.800|4.800,,0.008584349630015871,,,,,,,,,,
explicit_new_structure,relative_loss200,nearest_coordinate,3,5.000|0.670|4.000,,0.008483347954920735,,,,,,,,,,
explicit_new_structure,relative_loss200,nearest_coordinate,4,5.300|0.540|4.000,,0.008524087295940322,,,,,,,,,,
explicit_new_structure,relative_loss200,nearest_coordinate,5,5.600|0.190|4.600,,0.008140299638545411,,,,,,,,,,
explicit_new_structure,relative_loss200,nearest_coordinate,6,5.600|0.360|4.300,,0.008275387140940432,,,,,,,,,,
explicit_new_structure,relative_loss200,ridge_raw_C1_q_C2,1,3.700|0.310|5.900,10.0,0.002198387899122546,0.00017771522275747311,-0.000207287710396519,5.577761580254846e-05,,,,,,,
explicit_new_structure,relative_loss200,ridge_raw_C1_q_C2,2,4.800|0.800|4.800,0.01,0.00858434963001588,-0.0039399524865372515,0.001003085910979328,0.009237998826776197,,,,,,,
explicit_new_structure,relative_loss200,ridge_raw_C1_q_C2,3,5.000|0.670|4.000,10.0,0.00848334795492074,-0.0028644914259987357,-0.0014165617887348532,0.0027986709593524834,,,,,,,
explicit_new_structure,relative_loss200,ridge_raw_C1_q_C2,4,5.300|0.540|4.000,10.0,0.008524087295940333,-0.002825728217956132,-0.0014630824089263822,0.002809679720505058,,,,,,,
explicit_new_structure,relative_loss200,ridge_raw_C1_q_C2,5,5.600|0.190|4.600,0.0,0.008140299638545416,-0.009487749303089018,-0.0056968083404822,0.0004609480052736729,,,,,,,
explicit_new_structure,relative_loss200,ridge_raw_C1_q_C2,6,5.600|0.360|4.300,0.01,0.008275387140940444,-0.011784719754176026,-0.00616508288099719,-0.0010547060202391913,,,,,,,
explicit_new_structure,relative_loss200,ridge_stage_E1_E2,1,3.700|0.310|5.900,0.01,0.0021983878991225477,,,,-0.0009265700413126496,-0.00012245658437171102,,,,,
explicit_new_structure,relative_loss200,ridge_stage_E1_E2,2,4.800|0.800|4.800,100.0,0.008584349630015873,,,,-0.0003143463330435235,0.00034200334209475726,,,,,
explicit_new_structure,relative_loss200,ridge_stage_E1_E2,3,5.000|0.670|4.000,100.0,0.008483347954920735,,,,-0.00030688492379662155,0.00033012415577475274,,,,,
explicit_new_structure,relative_loss200,ridge_stage_E1_E2,4,5.300|0.540|4.000,100.0,0.008524087295940322,,,,-0.00031106263957924777,0.0003331731605193665,,,,,
explicit_new_structure,relative_loss200,ridge_stage_E1_E2,5,5.600|0.190|4.600,10.0,0.00814029963854541,,,,-0.002495730749563942,0.0025745270801231174,,,,,
explicit_new_structure,relative_loss200,ridge_stage_E1_E2,6,5.600|0.360|4.300,100.0,0.008275387140940432,,,,-0.00035062008638103037,0.000371328608175231,,,,,
explicit_new_structure,relative_loss200,ridge_J,1,3.700|0.310|5.900,100.0,0.0021983878991225477,,,,,,1.225623836486945e-05,,,,
explicit_new_structure,relative_loss200,ridge_J,2,4.800|0.800|4.800,1.0,0.00858434963001587,,,,,,0.009896255803222264,,,,
explicit_new_structure,relative_loss200,ridge_J,3,5.000|0.670|4.000,1.0,0.008483347954920836,,,,,,0.009682815576675234,,,,
explicit_new_structure,relative_loss200,ridge_J,4,5.300|0.540|4.000,0.1,0.00852408729594041,,,,,,0.011651223278019512,,,,
explicit_new_structure,relative_loss200,ridge_J,5,5.600|0.190|4.600,1.0,0.008140299638545513,,,,,,0.009858390806277052,,,,
explicit_new_structure,relative_loss200,ridge_J,6,5.600|0.360|4.300,1.0,0.008275387140940534,,,,,,0.009992032124621728,,,,
explicit_new_structure,relative_loss200,ridge_H,1,3.700|0.310|5.900,10.0,0.0021983878991225485,,,,,,,-0.00013433613542287065,,,
explicit_new_structure,relative_loss200,ridge_H,2,4.800|0.800|4.800,1.0,0.00858434963001587,,,,,,,0.010173576480997397,,,
explicit_new_structure,relative_loss200,ridge_H,3,5.000|0.670|4.000,10.0,0.008483347954920731,,,,,,,0.003996644055382221,,,
explicit_new_structure,relative_loss200,ridge_H,4,5.300|0.540|4.000,100.0,0.008524087295940324,,,,,,,0.0005689706086137318,,,
explicit_new_structure,relative_loss200,ridge_H,5,5.600|0.190|4.600,10.0,0.00814029963854539,,,,,,,0.004042655983540574,,,
explicit_new_structure,relative_loss200,ridge_H,6,5.600|0.360|4.300,10.0,0.008275387140940426,,,,,,,0.00406524489986303,,,
explicit_new_structure,relative_loss200,ridge_J_H,1,3.700|0.310|5.900,0.01,0.002198387899122549,,,,,,-0.0030543878529456572,-0.003387683151877443,,,
explicit_new_structure,relative_loss200,ridge_J_H,2,4.800|0.800|4.800,10.0,0.008584349630015873,,,,,,0.0029846901527589217,0.0031453631911418315,,,
explicit_new_structure,relative_loss200,ridge_J_H,3,5.000|0.670|4.000,10.0,0.00848334795492077,,,,,,0.0029933931669142667,0.003164471239670551,,,
explicit_new_structure,relative_loss200,ridge_J_H,4,5.300|0.540|4.000,10.0,0.008524087295940347,,,,,,0.0030667876476839005,0.0030968507076174073,,,
explicit_new_structure,relative_loss200,ridge_J_H,5,5.600|0.190|4.600,1.0,0.008140299638545479,,,,,,0.0055068542920062215,0.006307419371032711,,,
explicit_new_structure,relative_loss200,ridge_J_H,6,5.600|0.360|4.300,10.0,0.008275387140940465,,,,,,0.003058990795436939,0.003156350616243225,,,
explicit_new_structure,relative_loss200,ridge_Jhigh50,1,3.700|0.310|5.900,100.0,0.0021983878991225472,,,,,,,,-4.121090647484721e-06,,
explicit_new_structure,relative_loss200,ridge_Jhigh50,2,4.800|0.800|4.800,0.1,0.008584349630015862,,,,,,,,0.011740646809858703,,
explicit_new_structure,relative_loss200,ridge_Jhigh50,3,5.000|0.670|4.000,1.0,0.008483347954920726,,,,,,,,0.00960185142464212,,
explicit_new_structure,relative_loss200,ridge_Jhigh50,4,5.300|0.540|4.000,10.0,0.008524087295940322,,,,,,,,0.0039026459701326666,,
explicit_new_structure,relative_loss200,ridge_Jhigh50,5,5.600|0.190|4.600,10.0,0.008140299638545418,,,,,,,,0.003881038272652779,,
explicit_new_structure,relative_loss200,ridge_Jhigh50,6,5.600|0.360|4.300,1.0,0.008275387140940439,,,,,,,,0.009753755100327085,,
explicit_new_structure,relative_loss200,ridge_Jhigh60,1,3.700|0.310|5.900,100.0,0.0021983878991225477,,,,,,,,,3.4245535526367336e-06,
explicit_new_structure,relative_loss200,ridge_Jhigh60,2,4.800|0.800|4.800,0.1,0.008584349630015862,,,,,,,,,0.01172384434083686,
explicit_new_structure,relative_loss200,ridge_Jhigh60,3,5.000|0.670|4.000,10.0,0.008483347954920735,,,,,,,,,0.0037522014902351066,
explicit_new_structure,relative_loss200,ridge_Jhigh60,4,5.300|0.540|4.000,10.0,0.008524087295940334,,,,,,,,,0.003889710454599332,
explicit_new_structure,relative_loss200,ridge_Jhigh60,5,5.600|0.190|4.600,10.0,0.008140299638545423,,,,,,,,,0.003837507619650937,
explicit_new_structure,relative_loss200,ridge_Jhigh60,6,5.600|0.360|4.300,10.0,0.008275387140940435,,,,,,,,,0.0037999679368196705,
explicit_new_structure,relative_loss200,ridge_Jhigh70,1,3.700|0.310|5.900,100.0,0.0021983878991225472,,,,,,,,,,7.182252247212599e-06
explicit_new_structure,relative_loss200,ridge_Jhigh70,2,4.800|0.800|4.800,0.1,0.00858434963001587,,,,,,,,,,0.011671132794283378
explicit_new_structure,relative_loss200,ridge_Jhigh70,3,5.000|0.670|4.000,10.0,0.008483347954920731,,,,,,,,,,0.003752201490235106
explicit_new_structure,relative_loss200,ridge_Jhigh70,4,5.300|0.540|4.000,10.0,0.00852408729594032,,,,,,,,,,0.0037371432250732964
explicit_new_structure,relative_loss200,ridge_Jhigh70,5,5.600|0.190|4.600,10.0,0.008140299638545411,,,,,,,,,,0.0037939452371000683
explicit_new_structure,relative_loss200,ridge_Jhigh70,6,5.600|0.360|4.300,10.0,0.00827538714094044,,,,,,,,,,0.003721082721428983
explicit_new_structure,soh200,constant_mean,1,3.700|0.310|5.900,,0.9934429194467507,,,,,,,,,,
explicit_new_structure,soh200,constant_mean,2,4.800|0.800|4.800,,0.9892166973697636,,,,,,,,,,
explicit_new_structure,soh200,constant_mean,3,5.000|0.670|4.000,,0.9875768919574665,,,,,,,,,,
explicit_new_structure,soh200,constant_mean,4,5.300|0.540|4.000,,0.9875871456988857,,,,,,,,,,
explicit_new_structure,soh200,constant_mean,5,5.600|0.190|4.600,,0.987881144051817,,,,,,,,,,
explicit_new_structure,soh200,constant_mean,6,5.600|0.360|4.300,,0.9877304350932796,,,,,,,,,,
explicit_new_structure,soh200,nearest_coordinate,1,3.700|0.310|5.900,,0.9934429194467507,,,,,,,,,,
explicit_new_structure,soh200,nearest_coordinate,2,4.800|0.800|4.800,,0.9892166973697636,,,,,,,,,,
explicit_new_structure,soh200,nearest_coordinate,3,5.000|0.670|4.000,,0.9875768919574665,,,,,,,,,,
explicit_new_structure,soh200,nearest_coordinate,4,5.300|0.540|4.000,,0.9875871456988857,,,,,,,,,,
explicit_new_structure,soh200,nearest_coordinate,5,5.600|0.190|4.600,,0.987881144051817,,,,,,,,,,
explicit_new_structure,soh200,nearest_coordinate,6,5.600|0.360|4.300,,0.9877304350932796,,,,,,,,,,
explicit_new_structure,soh200,ridge_raw_C1_q_C2,1,3.700|0.310|5.900,0.01,0.9934429194467508,-0.0009820598570501671,-0.002623344653931008,-0.002751219784785689,,,,,,,
explicit_new_structure,soh200,ridge_raw_C1_q_C2,2,4.800|0.800|4.800,0.01,0.9892166973697636,0.004439220050295522,-0.000491198316110684,-0.007717964523676809,,,,,,,
explicit_new_structure,soh200,ridge_raw_C1_q_C2,3,5.000|0.670|4.000,1.0,0.9875768919574663,0.005554530064752881,0.0007106291381548176,-0.004617910381153199,,,,,,,
explicit_new_structure,soh200,ridge_raw_C1_q_C2,4,5.300|0.540|4.000,1.0,0.9875871456988858,0.005132377329508591,0.0008861320988095047,-0.0051586489043284976,,,,,,,
explicit_new_structure,soh200,ridge_raw_C1_q_C2,5,5.600|0.190|4.600,1.0,0.9878811440518169,0.004735539089367084,0.0014828860034990727,-0.0051640729056097266,,,,,,,
explicit_new_structure,soh200,ridge_raw_C1_q_C2,6,5.600|0.360|4.300,1.0,0.9877304350932796,0.005368031881756177,0.000992705855442632,-0.004902407054727832,,,,,,,
explicit_new_structure,soh200,ridge_stage_E1_E2,1,3.700|0.310|5.900,100.0,0.9934429194467507,,,,-6.548711531996253e-05,6.77082837016701e-05,,,,,
explicit_new_structure,soh200,ridge_stage_E1_E2,2,4.800|0.800|4.800,100.0,0.9892166973697637,,,,0.0002905569442918978,-0.00031649571273663455,,,,,
explicit_new_structure,soh200,ridge_stage_E1_E2,3,5.000|0.670|4.000,100.0,0.9875768919574665,,,,0.00016032214425181358,-0.00018155466267372568,,,,,
explicit_new_structure,soh200,ridge_stage_E1_E2,4,5.300|0.540|4.000,100.0,0.9875871456988857,,,,0.00018075756660611595,-0.0002012208846059249,,,,,
explicit_new_structure,soh200,ridge_stage_E1_E2,5,5.600|0.190|4.600,100.0,0.987881144051817,,,,0.00032652670525565606,-0.0003346324441774328,,,,,
explicit_new_structure,soh200,ridge_stage_E1_E2,6,5.600|0.360|4.300,100.0,0.9877304350932796,,,,0.00022991959905280119,-0.00024861896267826126,,,,,
explicit_new_structure,soh200,ridge_J,1,3.700|0.310|5.900,10.0,0.9934429194467507,,,,,,0.0008086141077698203,,,,
explicit_new_structure,soh200,ridge_J,2,4.800|0.800|4.800,1.0,0.9892166973697636,,,,,,-0.009241889743550093,,,,
explicit_new_structure,soh200,ridge_J,3,5.000|0.670|4.000,100.0,0.9875768919574661,,,,,,-0.0004293766606827151,,,,
explicit_new_structure,soh200,ridge_J,4,5.300|0.540|4.000,100.0,0.9875871456988857,,,,,,-0.00045138647420767564,,,,
explicit_new_structure,soh200,ridge_J,5,5.600|0.190|4.600,100.0,0.9878811440518167,,,,,,-0.0004382748876791533,,,,
explicit_new_structure,soh200,ridge_J,6,5.600|0.360|4.300,100.0,0.9877304350932793,,,,,,-0.00045751651074974327,,,,
explicit_new_structure,soh200,ridge_H,1,3.700|0.310|5.900,10.0,0.9934429194467507,,,,,,,-0.0008231247124169639,,,
explicit_new_structure,soh200,ridge_H,2,4.800|0.800|4.800,1.0,0.9892166973697636,,,,,,,-0.009499830453056966,,,
explicit_new_structure,soh200,ridge_H,3,5.000|0.670|4.000,1.0,0.9875768919574665,,,,,,,-0.009190663657533378,,,
explicit_new_structure,soh200,ridge_H,4,5.300|0.540|4.000,0.01,0.9875871456988858,,,,,,,-0.010894738449353776,,,
explicit_new_structure,soh200,ridge_H,5,5.600|0.190|4.600,0.01,0.9878811440518169,,,,,,,-0.011083887084401911,,,
explicit_new_structure,soh200,ridge_H,6,5.600|0.360|4.300,1.0,0.9877304350932796,,,,,,,-0.009205684162714394,,,
explicit_new_structure,soh200,ridge_J_H,1,3.700|0.310|5.900,10.0,0.9934429194467509,,,,,,0.0006042985728100679,-0.0006258425159731324,,,
explicit_new_structure,soh200,ridge_J_H,2,4.800|0.800|4.800,10.0,0.9892166973697636,,,,,,-0.0027874775444586782,-0.0029369222878207622,,,
explicit_new_structure,soh200,ridge_J_H,3,5.000|0.670|4.000,0.1,0.987576891957466,,,,,,2.5325392160428783e-06,-0.010814616226369941,,,
explicit_new_structure,soh200,ridge_J_H,4,5.300|0.540|4.000,0.0,0.9875871456988855,,,,,,-7.355860880123733e-05,-0.010852778378486392,,,
explicit_new_structure,soh200,ridge_J_H,5,5.600|0.190|4.600,1.0,0.9878811440518167,,,,,,-0.0024515587282135333,-0.007563696734988531,,,
explicit_new_structure,soh200,ridge_J_H,6,5.600|0.360|4.300,0.0,0.9877304350932793,,,,,,0.001162838202840751,-0.01208333636847767,,,
explicit_new_structure,soh200,ridge_Jhigh50,1,3.700|0.310|5.900,10.0,0.9934429194467507,,,,,,,,-0.0007649679210230767,,
explicit_new_structure,soh200,ridge_Jhigh50,2,4.800|0.800|4.800,0.1,0.9892166973697637,,,,,,,,-0.01094607330125622,,
explicit_new_structure,soh200,ridge_Jhigh50,3,5.000|0.670|4.000,0.01,0.9875768919574666,,,,,,,,-0.010848939876415867,,
explicit_new_structure,soh200,ridge_Jhigh50,4,5.300|0.540|4.000,0.01,0.9875871456988857,,,,,,,,-0.010847521130293945,,
explicit_new_structure,soh200,ridge_Jhigh50,5,5.600|0.190|4.600,0.01,0.987881144051817,,,,,,,,-0.010976040804040302,,
explicit_new_structure,soh200,ridge_Jhigh50,6,5.600|0.360|4.300,0.01,0.9877304350932795,,,,,,,,-0.010831940326299229,,
explicit_new_structure,soh200,ridge_Jhigh60,1,3.700|0.310|5.900,10.0,0.9934429194467507,,,,,,,,,-0.0008264032122290584,
explicit_new_structure,soh200,ridge_Jhigh60,2,4.800|0.800|4.800,0.1,0.9892166973697636,,,,,,,,,-0.010917898310347089,
explicit_new_structure,soh200,ridge_Jhigh60,3,5.000|0.670|4.000,0.01,0.9875768919574666,,,,,,,,,-0.010674227522149303,
explicit_new_structure,soh200,ridge_Jhigh60,4,5.300|0.540|4.000,0.01,0.9875871456988858,,,,,,,,,-0.01093840276488603,
explicit_new_structure,soh200,ridge_Jhigh60,5,5.600|0.190|4.600,0.01,0.9878811440518172,,,,,,,,,-0.011035500009539637,
explicit_new_structure,soh200,ridge_Jhigh60,6,5.600|0.360|4.300,0.01,0.9877304350932796,,,,,,,,,-0.01075568181379919,
explicit_new_structure,soh200,ridge_Jhigh70,1,3.700|0.310|5.900,1.0,0.9934429194467506,,,,,,,,,,-0.0021452813455020213
explicit_new_structure,soh200,ridge_Jhigh70,2,4.800|0.800|4.800,0.1,0.9892166973697636,,,,,,,,,,-0.01086939160109078
explicit_new_structure,soh200,ridge_Jhigh70,3,5.000|0.670|4.000,0.01,0.9875768919574663,,,,,,,,,,-0.010674227522149285
explicit_new_structure,soh200,ridge_Jhigh70,4,5.300|0.540|4.000,0.01,0.9875871456988856,,,,,,,,,,-0.010685574934449216
explicit_new_structure,soh200,ridge_Jhigh70,5,5.600|0.190|4.600,0.01,0.987881144051817,,,,,,,,,,-0.011064058250027025
explicit_new_structure,soh200,ridge_Jhigh70,6,5.600|0.360|4.300,0.01,0.9877304350932796,,,,,,,,,,-0.01070152312487436
