model,relative_loss_rmse,soh200_rmse,relative_loss_improvement,soh200_improvement,rank_relative_loss,rank_soh200,mean_scalar_rank,role,eligible_explanatory,selected_explanatory_smoke_model,explanatory_selection_status,best_predictive_benchmark,selection_scope,formal_model_C_status
nearest_coordinate,0.0129942380105189,0.0092636276850661,0.0622148290313014,0.266981671536859,1.0,4.0,2.5,benchmark,False,False,selected_eligible_explanatory_model,True,explicit_NEWSTRUCTURE; two scalar responses; leave-one-coordinate-out,not_run; linearized surrogate reported separately
constant_mean,0.0138563057006929,0.0126376480987704,0.0,0.0,6.0,8.0,7.0,benchmark,False,False,selected_eligible_explanatory_model,False,explicit_NEWSTRUCTURE; two scalar responses; leave-one-coordinate-out,not_run; linearized surrogate reported separately
ridge_Jhigh70,0.013711446200051,0.0076913074746155,0.0104544099827892,0.3913972430231052,5.0,1.0,3.0,explanatory_candidate,True,True,selected_eligible_explanatory_model,False,explicit_NEWSTRUCTURE; two scalar responses; leave-one-coordinate-out,not_run; linearized surrogate reported separately
ridge_Jhigh50,0.0134222328744857,0.0097108530608941,0.0313267356814647,0.2315933324778297,3.0,5.0,4.0,explanatory_candidate,True,False,selected_eligible_explanatory_model,False,explicit_NEWSTRUCTURE; two scalar responses; leave-one-coordinate-out,not_run; linearized surrogate reported separately
ridge_H,0.013976225461109,0.0077854375676544,-0.0086545261779353,0.3839488560840797,7.0,2.0,4.5,explanatory_candidate,False,False,selected_eligible_explanatory_model,False,explicit_NEWSTRUCTURE; two scalar responses; leave-one-coordinate-out,not_run; linearized surrogate reported separately
ridge_Jhigh60,0.0136016729379316,0.0099381327513095,0.0183766703955268,0.213608998000471,4.0,6.0,5.0,explanatory_candidate,True,False,selected_eligible_explanatory_model,False,explicit_NEWSTRUCTURE; two scalar responses; leave-one-coordinate-out,not_run; linearized surrogate reported separately
ridge_J,0.0132654143292087,0.0154891410209317,0.0426442216452187,-0.2256347779171601,2.0,10.0,6.0,explanatory_candidate,False,False,selected_eligible_explanatory_model,False,explicit_NEWSTRUCTURE; two scalar responses; leave-one-coordinate-out,not_run; linearized surrogate reported separately
ridge_raw_C1_q_C2,0.0142557974071445,0.0088804867629518,-0.028831040183503,0.2972990944560496,9.0,3.0,6.0,explanatory_candidate,False,False,selected_eligible_explanatory_model,False,explicit_NEWSTRUCTURE; two scalar responses; leave-one-coordinate-out,not_run; linearized surrogate reported separately
ridge_J_H,0.0347619647104489,0.0104185999248406,-1.5087469532885978,0.1755902804530348,10.0,7.0,8.5,explanatory_candidate,False,False,selected_eligible_explanatory_model,False,explicit_NEWSTRUCTURE; two scalar responses; leave-one-coordinate-out,not_run; linearized surrogate reported separately
ridge_stage_E1_E2,0.0140832806189535,0.0128000421935516,-0.0163806228848764,-0.0128500250609904,8.0,9.0,8.5,explanatory_candidate,False,False,selected_eligible_explanatory_model,False,explicit_NEWSTRUCTURE; two scalar responses; leave-one-coordinate-out,not_run; linearized surrogate reported separately
