BatteryId,Policy,Family,Candidate,SelectedFamily,Intercept,Coefficient,EstimatedT80,T80Status,ExtrapolationMultiple
1,3_6C-80PER_3_6C,exponential,exponential_w60_s0.001,False,1.0084475490185623,-0.03429695726833824,1956.9528349003351,finite_extrapolation,13.046352232668902
1,3_6C-80PER_3_6C,linear,linear_w40_s1,True,1.0103024928200517,-5.063126357490324e-05,4153.609409904077,finite_extrapolation,27.690729399360517
1,3_6C-80PER_3_6C,power,power_w60_s1.25,False,1.0078025491503102,-9.369740792954607e-06,2997.3581230702516,finite_extrapolation,19.98238748713501
2,3_6C-80PER_3_6C,exponential,exponential_w60_s0.001,False,0.9985786080842596,-0.02031790795130874,2377.0964263633864,finite_extrapolation,15.847309509089243
2,3_6C-80PER_3_6C,linear,linear_w40_s1,True,0.9987835230269415,-2.3283430599976557e-05,8537.553011073102,finite_extrapolation,56.91702007382068
2,3_6C-80PER_3_6C,power,power_w60_s1.25,False,0.998193056185969,-5.542136014959087e-06,4392.674305209715,finite_extrapolation,29.284495368064768
3,3_6C-80PER_3_6C,exponential,exponential_w60_s0.001,False,0.9991537139785136,-0.01837589902797464,2471.2950224203723,finite_extrapolation,16.47530014946915
3,3_6C-80PER_3_6C,linear,linear_w40_s1,True,0.9990028389691129,-1.856093547490214e-05,10721.595322509576,finite_extrapolation,71.47730215006385
3,3_6C-80PER_3_6C,power,power_w60_s1.25,False,0.9988038964372167,-5.009623186694412e-06,4774.1478593420115,finite_extrapolation,31.82765239561341
4,80PER_3_6C,exponential,exponential_w60_s0.001,False,1.0039925613216008,-0.16593344141984362,801.716240396068,finite_extrapolation,5.344774935973787
4,80PER_3_6C,linear,linear_w40_s1,True,1.0056696689163864,-0.00019016191427075486,1081.550265756956,finite_extrapolation,7.210335105046373
4,80PER_3_6C,power,power_w60_s1.25,False,1.0008421863918753,-4.525776609847711e-05,827.4265678347491,finite_extrapolation,5.5161771188983275
5,80PER_3_6C,exponential,exponential_w60_s0.001,False,1.0019377318174227,-0.03524623095913486,1906.4774538872516,finite_extrapolation,12.709849692581678
5,80PER_3_6C,linear,linear_w40_s1,True,1.0026960623042487,-4.3378862305562137e-05,4672.6919870892625,finite_extrapolation,31.151279913928416
5,80PER_3_6C,power,power_w60_s1.25,False,1.0012705113583622,-9.61817111875791e-06,2861.2125443956406,finite_extrapolation,19.074750295970937
6,80PER_3_6C,exponential,exponential_w60_s0.001,False,1.0010397107464544,-0.02957335923092714,2053.867354280177,finite_extrapolation,13.692449028534513
6,80PER_3_6C,linear,linear_w40_s1,True,1.0012962069522642,-3.358898014633967e-05,5992.924050544601,finite_extrapolation,39.952827003630674
6,80PER_3_6C,power,power_w60_s1.25,False,1.0004786070869442,-8.06695280898334e-06,3283.1204470355583,finite_extrapolation,21.88746964690372
7,4_8C_80PER_4_8C,exponential,exponential_w60_s0.001,False,1.0033560365006498,-0.05195994435081884,1592.0287978499284,finite_extrapolation,10.613525318999523
7,4_8C_80PER_4_8C,linear,linear_w40_s1,True,1.0051160203091338,-6.867315176229809e-05,2986.844422389588,finite_extrapolation,19.91229614926392
7,4_8C_80PER_4_8C,power,power_w60_s1.25,False,1.0023718508709585,-1.4177670894108304e-05,2106.8623887630515,finite_extrapolation,14.045749258420344
8,4_8C_80PER_4_8C,exponential,exponential_w60_s0.001,False,1.0070012962060282,-0.10559365388666192,1085.3099896268586,finite_extrapolation,7.235399930845724
8,4_8C_80PER_4_8C,linear,linear_w40_s1,True,1.0096741916293117,-0.0001329418349026392,1577.1874352634584,finite_extrapolation,10.51458290175639
8,4_8C_80PER_4_8C,power,power_w60_s1.25,False,1.0050001073967587,-2.8809259301541557e-05,1207.195469332358,finite_extrapolation,8.047969795549053
9,4_8C_80PER_4_8C,exponential,exponential_w60_s0.001,False,1.0064627443001448,-0.10684537755541614,1075.8044014292348,finite_extrapolation,7.172029342861565
9,4_8C_80PER_4_8C,linear,linear_w40_s1,True,1.0086747735427448,-0.0001308221815558567,1595.102382952142,finite_extrapolation,10.634015886347614
9,4_8C_80PER_4_8C,power,power_w60_s1.25,False,1.0044355914307652,-2.9145172089246986e-05,1193.4161383121798,finite_extrapolation,7.956107588747865
10,5C_67PER_4C_NEWSTRUCTURE,exponential,exponential_w60_s0.001,False,1.0004485777466214,-0.02040074400701835,2381.9092958479314,finite_extrapolation,15.879395305652876
10,5C_67PER_4C_NEWSTRUCTURE,linear,linear_w40_s1,True,1.0016443280207665,-3.0688986632518925e-05,6570.576292900411,finite_extrapolation,43.80384195266941
10,5C_67PER_4C_NEWSTRUCTURE,power,power_w60_s1.25,False,1.0000630851067045,-5.568803737010223e-06,4408.836967703558,finite_extrapolation,29.392246451357053
11,5_3C_54PER_4C_NEWSTRUCTURE,exponential,exponential_w60_s0.001,False,1.0003187712204555,-0.02207097144060647,2310.1682045453276,finite_extrapolation,15.401121363635518
11,5_3C_54PER_4C_NEWSTRUCTURE,linear,linear_w40_s1,True,1.0011445085568516,-2.9707215997453547e-05,6770.897298962423,finite_extrapolation,45.13931532641615
11,5_3C_54PER_4C_NEWSTRUCTURE,power,power_w60_s1.25,False,0.9999004202802688,-6.0214869070765175e-06,4138.928925368983,finite_extrapolation,27.592859502459888
12,5_6C_19PER_4_6C_NEWSTRUCTURE,exponential,exponential_w60_s0.001,False,1.0004367354434458,-0.025088701296903673,2196.0153568332275,finite_extrapolation,14.640102378888184
12,5_6C_19PER_4_6C_NEWSTRUCTURE,linear,linear_w40_s1,True,1.0013806114865746,-3.383778926635268e-05,5951.352492369283,finite_extrapolation,39.67568328246189
12,5_6C_19PER_4_6C_NEWSTRUCTURE,power,power_w60_s1.25,False,0.9999617106822479,-6.846110406268539e-06,3735.9611886268376,finite_extrapolation,24.906407924178918
13,5_6C_36PER_4_3C_NEWSTRUCTURE,exponential,exponential_w60_s0.001,False,1.0007770735991892,-0.023623661700780757,2251.184626191735,finite_extrapolation,15.007897507944898
13,5_6C_36PER_4_3C_NEWSTRUCTURE,linear,linear_w40_s1,True,1.0019745589877191,-3.413221570172897e-05,5917.417162504574,finite_extrapolation,39.449447750030494
13,5_6C_36PER_4_3C_NEWSTRUCTURE,power,power_w60_s1.25,False,1.0003308943521996,-6.449099051687344e-06,3924.6334951098743,finite_extrapolation,26.164223300732495
14,5_6C_19PER_4_6C_NEWSTRUCTURE,exponential,exponential_w60_s0.001,False,1.0009272472437938,-0.021266456619985247,2346.4185165268773,finite_extrapolation,15.642790110179181
14,5_6C_19PER_4_6C_NEWSTRUCTURE,linear,linear_w40_s1,True,1.0017770794212952,-2.9084989555644506e-05,6937.498775279307,finite_extrapolation,46.24999183519538
14,5_6C_19PER_4_6C_NEWSTRUCTURE,power,power_w60_s1.25,False,1.0005242990653613,-5.80237893597532e-06,4274.139919538911,finite_extrapolation,28.49426613025941
15,5_6C_36PER_4_3C_NEWSTRUCTURE,exponential,exponential_w60_s0.001,False,1.0014767612505437,-0.03253617124711744,1973.023949011537,finite_extrapolation,13.153492993410246
15,5_6C_36PER_4_3C_NEWSTRUCTURE,linear,linear_w40_s1,True,1.0031310470044938,-4.710092020159434e-05,4312.676825316418,finite_extrapolation,28.751178835442786
15,5_6C_36PER_4_3C_NEWSTRUCTURE,power,power_w60_s1.25,False,1.0008633607606245,-8.884922386482965e-06,3043.6707391005652,finite_extrapolation,20.291138260670436
16,3_7C_31PER_5_9C_NEWSTRUCTURE,exponential,exponential_w60_s0.001,False,1.0003517827896518,-0.1752609306783989,762.2826992989162,finite_extrapolation,5.081884661992775
16,3_7C_31PER_5_9C_NEWSTRUCTURE,linear,linear_w40_s1,True,1.0023060653308535,-0.00020215133342233108,1000.7654261087615,finite_extrapolation,6.671769507391743
16,3_7C_31PER_5_9C_NEWSTRUCTURE,power,power_w60_s1.25,False,0.9970218017106615,-4.7795523219390725e-05,780.0126622864636,finite_extrapolation,5.200084415243091
17,4_8C_80PER_4_8C_NEWSTRUCTURE,exponential,exponential_w60_s0.001,False,0.9999343250350053,-0.010049182680938228,3039.5376870292494,finite_extrapolation,20.263584580194994
17,4_8C_80PER_4_8C_NEWSTRUCTURE,linear,linear_w40_s1,True,1.0010977389977385,-1.9417630271986922e-05,10356.451131313099,finite_extrapolation,69.04300754208732
17,4_8C_80PER_4_8C_NEWSTRUCTURE,power,power_w60_s1.25,False,0.999745832963075,-2.7466204045962722e-06,7750.741785460713,finite_extrapolation,51.67161190307142
18,5C_67PER_4C_NEWSTRUCTURE,exponential,exponential_w60_s0.001,False,1.0014183896483275,-0.02756045697686478,2117.2475993004086,finite_extrapolation,14.114983995336058
18,5C_67PER_4C_NEWSTRUCTURE,linear,linear_w40_s1,True,1.0023646384403255,-3.6531776541306565e-05,5539.4141101107225,finite_extrapolation,36.92942740073815
18,5C_67PER_4C_NEWSTRUCTURE,power,power_w60_s1.25,False,1.0008962490445865,-7.519804637099946e-06,3478.6618643545057,finite_extrapolation,23.191079095696704
19,5_3C_54PER_4C_NEWSTRUCTURE,exponential,exponential_w60_s0.001,False,1.000587462816962,-0.013652713994226814,2753.159377954164,finite_extrapolation,18.35439585302776
19,5_3C_54PER_4C_NEWSTRUCTURE,linear,linear_w40_s1,True,1.0011535523178638,-1.886351305647185e-05,10663.631515278665,finite_extrapolation,71.09087676852442
19,5_3C_54PER_4C_NEWSTRUCTURE,power,power_w60_s1.25,False,1.0003294210904576,-3.7266401971352856e-06,6086.138307740957,finite_extrapolation,40.57425538493972
20,4_8C_80PER_4_8C_NEWSTRUCTURE,exponential,exponential_w60_s0.001,False,1.0008198792596557,-0.020138124146814488,2395.3579113468186,finite_extrapolation,15.969052742312124
20,4_8C_80PER_4_8C_NEWSTRUCTURE,linear,linear_w40_s1,True,1.0018230674940205,-2.890536809933316e-05,6982.200219712007,finite_extrapolation,46.54800146474672
20,4_8C_80PER_4_8C_NEWSTRUCTURE,power,power_w60_s1.25,False,1.0004370733232752,-5.49143440119159e-06,4465.126859275988,finite_extrapolation,29.767512395173252
21,5_6C_19PER_4_6C_NEWSTRUCTURE,exponential,exponential_w60_s0.001,False,1.001602273089008,-0.03655253458794268,1874.1703850803208,finite_extrapolation,12.494469233868806
21,5_6C_19PER_4_6C_NEWSTRUCTURE,linear,linear_w40_s1,True,1.0027122586511226,-4.737839119849612e-05,4278.580456686275,finite_extrapolation,28.523869711241836
21,5_6C_19PER_4_6C_NEWSTRUCTURE,power,power_w60_s1.25,False,1.000909369952271,-9.972260074590067e-06,2775.653669542638,finite_extrapolation,18.50435779695092
22,5_6C_36PER_4_3C_NEWSTRUCTURE,exponential,exponential_w60_s0.001,False,1.000383647098992,-0.014997705614958855,2664.512960073179,finite_extrapolation,17.76341973382119
22,5_6C_36PER_4_3C_NEWSTRUCTURE,linear,linear_w40_s1,True,1.0013369159116552,-2.3143038752739067e-05,8699.675010820529,finite_extrapolation,57.99783340547019
22,5_6C_36PER_4_3C_NEWSTRUCTURE,power,power_w60_s1.25,False,1.0001007834328473,-4.09526400337275e-06,5638.628835627478,finite_extrapolation,37.590858904183186
23,5_6C_19PER_4_6C_NEWSTRUCTURE,exponential,exponential_w60_s0.001,False,1.0016096532656695,-0.03576197769441686,1892.7417227007836,finite_extrapolation,12.618278151338558
23,5_6C_19PER_4_6C_NEWSTRUCTURE,linear,linear_w40_s1,True,1.0024330781135256,-4.440799698407782e-05,4558.4825225534605,finite_extrapolation,30.389883483689736
23,5_6C_19PER_4_6C_NEWSTRUCTURE,power,power_w60_s1.25,False,1.0009309388042158,-9.754589529189597e-06,2825.336964147938,finite_extrapolation,18.835579760986253
24,5_6C_36PER_4_3C_NEWSTRUCTURE,exponential,exponential_w60_s0.001,False,1.0012721335280048,-0.023039664195516552,2275.819777233708,finite_extrapolation,15.172131848224721
24,5_6C_36PER_4_3C_NEWSTRUCTURE,linear,linear_w40_s1,True,1.0024325932049893,-3.334423625130063e-05,6070.992050300542,finite_extrapolation,40.47328033533695
24,5_6C_36PER_4_3C_NEWSTRUCTURE,power,power_w60_s1.25,False,1.0008371899058033,-6.290185230103532e-06,4011.8488414935837,finite_extrapolation,26.745658943290557
25,4_8C_80PER_4_8C_NEWSTRUCTURE,exponential,exponential_w60_s0.001,False,1.0002042582266086,-0.01771556116660189,2509.683778886974,finite_extrapolation,16.731225192579824
25,4_8C_80PER_4_8C_NEWSTRUCTURE,linear,linear_w40_s1,True,1.0013240169793847,-2.7236992981743934e-05,7391.565475466603,finite_extrapolation,49.277103169777355
25,4_8C_80PER_4_8C_NEWSTRUCTURE,power,power_w60_s1.25,False,0.9998697601325257,-4.836465129946594e-06,4931.456700568894,finite_extrapolation,32.87637800379263
26,5_3C_54PER_4C_NEWSTRUCTURE,exponential,exponential_w60_s0.001,False,1.0005687690778002,-0.02846300472983791,2085.2555797964123,finite_extrapolation,13.901703865309416
26,5_3C_54PER_4C_NEWSTRUCTURE,linear,linear_w40_s1,True,1.0010071190193415,-3.37179781637329e-05,5961.4226583593,finite_extrapolation,39.74281772239533
26,5_3C_54PER_4C_NEWSTRUCTURE,power,power_w60_s1.25,False,1.0000291998462403,-7.765239708873356e-06,3378.709281074972,finite_extrapolation,22.52472854049981
27,5_6C_19PER_4_6C_NEWSTRUCTURE,exponential,exponential_w60_s0.001,False,1.0000485302930429,-0.027191001141807263,2123.118587515747,finite_extrapolation,14.154123916771647
27,5_6C_19PER_4_6C_NEWSTRUCTURE,linear,linear_w40_s1,True,1.000630810706528,-3.334925072650145e-05,6016.051525472321,finite_extrapolation,40.107010169815474
27,5_6C_19PER_4_6C_NEWSTRUCTURE,power,power_w60_s1.25,False,0.9995315921459133,-7.414513012685267e-06,3498.9942517718423,finite_extrapolation,23.326628345145615
28,5_6C_36PER_4_3C_NEWSTRUCTURE,exponential,exponential_w60_s0.001,False,1.0004755346187961,-0.030288655454532097,2030.6231319683973,finite_extrapolation,13.537487546455981
28,5_6C_36PER_4_3C_NEWSTRUCTURE,linear,linear_w40_s1,True,1.0011402447188862,-3.73097441752907e-05,5391.091500758567,finite_extrapolation,35.94061000505712
28,5_6C_36PER_4_3C_NEWSTRUCTURE,power,power_w60_s1.25,False,0.9998997969788084,-8.259417043408408e-06,3214.3292919870264,finite_extrapolation,21.428861946580177
29,5C_67PER_4C_NEWSTRUCTURE,exponential,exponential_w60_s0.001,False,1.0011648430073148,-0.024962258000227798,2203.732230864568,finite_extrapolation,14.691548205763787
29,5C_67PER_4C_NEWSTRUCTURE,linear,linear_w40_s1,True,1.0019052826368215,-3.2217661712168736e-05,6266.912988305452,finite_extrapolation,41.77941992203635
29,5C_67PER_4C_NEWSTRUCTURE,power,power_w60_s1.25,False,1.0006910411017778,-6.808682940943433e-06,3763.326511836735,finite_extrapolation,25.0888434122449
30,3_7C_31PER_5_9C_NEWSTRUCTURE,exponential,exponential_w60_s0.001,False,1.0001614385476514,-0.1330344244317314,918.122569142608,finite_extrapolation,6.120817127617387
30,3_7C_31PER_5_9C_NEWSTRUCTURE,linear,linear_w40_s1,True,1.0010179366726326,-0.00014873875207852897,1351.4832810114071,finite_extrapolation,9.009888540076048
30,3_7C_31PER_5_9C_NEWSTRUCTURE,power,power_w60_s1.25,False,0.9976308633777872,-3.627265634141087e-05,975.0352690753966,finite_extrapolation,6.500235127169311
31,5C_67PER_4C_NEWSTRUCTURE,exponential,exponential_w60_s0.001,False,1.00188375905053,-0.026822401094825983,2143.2006360245446,finite_extrapolation,14.28800424016363
31,5C_67PER_4C_NEWSTRUCTURE,linear,linear_w40_s1,True,1.0022515167498265,-3.143483524224214e-05,6433.99321775483,finite_extrapolation,42.89328811836553
31,5C_67PER_4C_NEWSTRUCTURE,power,power_w60_s1.25,False,1.0013744177199524,-7.315473292339698e-06,3562.948088748538,finite_extrapolation,23.752987258323586
32,5_3C_54PER_4C_NEWSTRUCTURE,exponential,exponential_w60_s0.001,False,1.001841546302472,-0.026450405456353184,2155.353812646861,finite_extrapolation,14.36902541764574
32,5_3C_54PER_4C_NEWSTRUCTURE,linear,linear_w40_s1,True,1.0023117657047758,-3.18248096708597e-05,6357.0455816432395,finite_extrapolation,42.3803038776216
32,5_3C_54PER_4C_NEWSTRUCTURE,power,power_w60_s1.25,False,1.001340494212978,-7.2170752363778405e-06,3601.271947474486,finite_extrapolation,24.008479649829905
33,5_6C_19PER_4_6C_NEWSTRUCTURE,exponential,exponential_w60_s0.001,False,1.001500825682608,-0.02613590096969896,2164.441168885505,finite_extrapolation,14.429607792570032
33,5_6C_19PER_4_6C_NEWSTRUCTURE,linear,linear_w40_s1,True,1.0020104587816532,-3.1766977108728733e-05,6359.133829140637,finite_extrapolation,42.39422552760425
33,5_6C_19PER_4_6C_NEWSTRUCTURE,power,power_w60_s1.25,False,1.001004543938115,-7.128297320387184e-06,3632.252702658556,finite_extrapolation,24.215018017723704
34,5_6C_36PER_4_3C_NEWSTRUCTURE,exponential,exponential_w60_s0.001,False,1.002059659698446,-0.03409667009901531,1935.2942716560283,finite_extrapolation,12.901961811040188
34,5_6C_36PER_4_3C_NEWSTRUCTURE,linear,linear_w40_s1,True,1.0033346215031829,-4.59782959785371e-05,4422.404466622696,finite_extrapolation,29.48269644415131
34,5_6C_36PER_4_3C_NEWSTRUCTURE,power,power_w60_s1.25,False,1.0014144031562442,-9.304978484483706e-06,2939.6804243884962,finite_extrapolation,19.59786949592331
35,3_7C_31PER_5_9C_NEWSTRUCTURE,exponential,exponential_w60_s0.001,False,1.0032875201255047,-0.1999940284232762,701.3474414332368,finite_extrapolation,4.675649609554912
35,3_7C_31PER_5_9C_NEWSTRUCTURE,linear,linear_w40_s1,True,1.0045770792720352,-0.00022371095581237975,914.4705431575213,finite_extrapolation,6.096470287716809
35,3_7C_31PER_5_9C_NEWSTRUCTURE,power,power_w60_s1.25,False,0.9994835359550294,-5.453033873471576e-05,708.9491559647413,finite_extrapolation,4.726327706431609
36,5_3C_54PER_4C_NEWSTRUCTURE,exponential,exponential_w60_s0.001,False,1.0012921976476652,-0.023793282417264888,2247.0769519944583,finite_extrapolation,14.980513013296388
36,5_3C_54PER_4C_NEWSTRUCTURE,linear,linear_w40_s1,True,1.002502753262032,-3.4448228424402914e-05,5878.466397957938,finite_extrapolation,39.18977598638625
36,5_3C_54PER_4C_NEWSTRUCTURE,power,power_w60_s1.25,False,1.000843149970769,-6.496241213996278e-06,3909.81227106826,finite_extrapolation,26.065415140455066
37,5C_67PER_4C_NEWSTRUCTURE,exponential,exponential_w60_s0.001,False,1.001233185332005,-0.028920531813679737,2074.1956348496865,finite_extrapolation,13.82797089899791
37,5C_67PER_4C_NEWSTRUCTURE,linear,linear_w40_s1,True,1.0016935873094805,-3.433034002099305e-05,5875.082716516778,finite_extrapolation,39.167218110111854
37,5C_67PER_4C_NEWSTRUCTURE,power,power_w60_s1.25,False,1.0006841608595147,-7.888109344861753e-06,3345.277424664734,finite_extrapolation,22.301849497764895
38,5_3C_54PER_4C_NEWSTRUCTURE,exponential,exponential_w60_s0.001,False,1.0010727412966736,-0.033241474967778475,1952.8646768695655,finite_extrapolation,13.019097845797104
38,5_3C_54PER_4C_NEWSTRUCTURE,linear,linear_w40_s1,True,1.001871105947355,-4.146187916600223e-05,4868.836386771505,finite_extrapolation,32.45890924514337
38,5_3C_54PER_4C_NEWSTRUCTURE,power,power_w60_s1.25,False,1.000442040360939,-9.067530261254127e-06,2989.5088334587094,finite_extrapolation,19.93005888972473
39,5_6C_19PER_4_6C_NEWSTRUCTURE,exponential,exponential_w60_s0.001,False,1.0009671031183525,-0.028323645042608505,2091.2938711890297,finite_extrapolation,13.941959141260197
39,5_6C_19PER_4_6C_NEWSTRUCTURE,linear,linear_w40_s1,True,1.0020467495418015,-3.827889075311928e-05,5278.2812032069405,finite_extrapolation,35.18854135471294
39,5_6C_19PER_4_6C_NEWSTRUCTURE,power,power_w60_s1.25,False,1.0004309368964335,-7.729120214686868e-06,3396.7826263656348,finite_extrapolation,22.64521750910423
40,5_6C_36PER_4_3C_NEWSTRUCTURE,exponential,exponential_w60_s0.001,False,1.0010192765094261,-0.035085002899834954,1906.4997979810844,finite_extrapolation,12.70999865320723
40,5_6C_36PER_4_3C_NEWSTRUCTURE,linear,linear_w40_s1,True,1.0014676891537257,-4.0852536092999685e-05,4931.583407578173,finite_extrapolation,32.87722271718782
40,5_6C_36PER_4_3C_NEWSTRUCTURE,power,power_w60_s1.25,False,1.0003527723677315,-9.568342732642967e-06,2862.6411281115306,finite_extrapolation,19.084274187410205
41,4_8C_80PER_4_8C_NEWSTRUCTURE,exponential,exponential_w60_s0.001,False,0.9563884731664823,-0.029745129551568116,1833.7993040095246,finite_extrapolation,12.22532869339683
41,4_8C_80PER_4_8C_NEWSTRUCTURE,linear,linear_w40_s1,True,0.9569504064821719,-3.598016305346022e-05,4362.137165664621,finite_extrapolation,29.080914437764136
41,4_8C_80PER_4_8C_NEWSTRUCTURE,power,power_w60_s1.25,False,0.9558235991018611,-8.112531228139445e-06,2671.6617926053977,finite_extrapolation,17.81107861736932
42,5C_67PER_4C_NEWSTRUCTURE,exponential,exponential_w60_s0.001,False,1.0007180930702013,-0.01980010956011483,2410.2927720668013,finite_extrapolation,16.06861848044534
42,5C_67PER_4C_NEWSTRUCTURE,linear,linear_w40_s1,True,1.0011371967369285,-2.42527553074982e-05,8293.375090241521,finite_extrapolation,55.289167268276806
42,5C_67PER_4C_NEWSTRUCTURE,power,power_w60_s1.25,False,1.0003421534525632,-5.400362734276207e-06,4523.551350835259,finite_extrapolation,30.15700900556839
43,5_3C_54PER_4C_NEWSTRUCTURE,exponential,exponential_w60_s0.001,False,1.0012767601436765,-0.030354941046499904,2032.1893089454702,finite_extrapolation,13.547928726303134
43,5_3C_54PER_4C_NEWSTRUCTURE,linear,linear_w40_s1,True,1.0017351650356805,-3.58646182610219e-05,5624.90763368667,finite_extrapolation,37.4993842245778
43,5_3C_54PER_4C_NEWSTRUCTURE,power,power_w60_s1.25,False,1.0007007832571273,-8.280040904234185e-06,3218.2017606444356,finite_extrapolation,21.45467840429624
44,5_6C_19PER_4_6C_NEWSTRUCTURE,exponential,exponential_w60_s0.001,False,1.0015236729980912,-0.03208147124169978,1985.353628690352,finite_extrapolation,13.23569085793568
44,5_6C_19PER_4_6C_NEWSTRUCTURE,linear,linear_w40_s1,True,1.0022079474481091,-3.942057011451515e-05,5129.503375032457,finite_extrapolation,34.19668916688305
44,5_6C_19PER_4_6C_NEWSTRUCTURE,power,power_w60_s1.25,False,1.0009146373411382,-8.750248766779533e-06,3081.7183345548447,finite_extrapolation,20.544788897032298
45,5_6C_36PER_4_3C_NEWSTRUCTURE,exponential,exponential_w60_s0.001,False,1.0014017068109657,-0.019452737106618392,2429.5160742822486,finite_extrapolation,16.196773828548324
45,5_6C_36PER_4_3C_NEWSTRUCTURE,linear,linear_w40_s1,True,1.002196903327011,-2.6676706492165944e-05,7579.530231229612,finite_extrapolation,50.530201541530744
45,5_6C_36PER_4_3C_NEWSTRUCTURE,power,power_w60_s1.25,False,1.00103345881135,-5.308355667299121e-06,4598.822685806714,finite_extrapolation,30.65881790537809
46,4_8C_80PER_4_8C_NEWSTRUCTURE,exponential,exponential_w60_s0.001,False,1.001069579435148,-0.01730948217104537,2534.9779137851883,finite_extrapolation,16.89985275856792
46,4_8C_80PER_4_8C_NEWSTRUCTURE,linear,linear_w40_s1,True,1.002281554987272,-2.758607439610349e-05,7332.741588482192,finite_extrapolation,48.884943923214614
46,4_8C_80PER_4_8C_NEWSTRUCTURE,power,power_w60_s1.25,False,1.0007437546224192,-4.72811418692852e-06,5039.219419872911,finite_extrapolation,33.594796132486074
47,5C_67PER_4C_NEWSTRUCTURE,exponential,exponential_w60_s0.001,False,1.001026568092921,-0.017233958606706828,2538.8076508815716,finite_extrapolation,16.925384339210478
47,5C_67PER_4C_NEWSTRUCTURE,linear,linear_w40_s1,True,1.0013441620425354,-2.081286507491778e-05,9674.024278626654,finite_extrapolation,64.49349519084436
47,5C_67PER_4C_NEWSTRUCTURE,power,power_w60_s1.25,False,1.000698672228491,-4.698764759162457e-06,5063.474616213515,finite_extrapolation,33.756497441423434
48,5_3C_54PER_4C_NEWSTRUCTURE,exponential,exponential_w60_s0.001,False,1.0007241609328756,-0.015750767229730133,2620.5856583991044,finite_extrapolation,17.47057105599403
48,5_3C_54PER_4C_NEWSTRUCTURE,linear,linear_w40_s1,True,1.0015137949376394,-2.2712591428739565e-05,8872.33830493918,finite_extrapolation,59.148922032927864
48,5_3C_54PER_4C_NEWSTRUCTURE,power,power_w60_s1.25,False,1.0004262666615007,-4.298828500338184e-06,5431.047660174223,finite_extrapolation,36.206984401161485
49,4_8C_80PER_4_8C_NEWSTRUCTURE,exponential,exponential_w60_s0.001,False,1.000355714272776,-0.013113207800051232,2789.8713067143503,finite_extrapolation,18.599142044762335
49,4_8C_80PER_4_8C_NEWSTRUCTURE,linear,linear_w40_s1,True,1.0015664756314764,-2.3013838620094783e-05,8758.490009375333,finite_extrapolation,58.389933395835556
49,4_8C_80PER_4_8C_NEWSTRUCTURE,power,power_w60_s1.25,False,1.0001086000526247,-3.5812008969723044e-06,6277.542407857396,finite_extrapolation,41.850282719049304
